id,html_content,updated_at,previous_html,previous_updated_at,user_id
4," <style>
    * {
      margin: 0;
      padding: 0;
      box-sizing: border-box;
    }

    body {
      font-family: 'Times New Roman', Times, serif;
      font-size: 13px;
      line-height: 1.4;
      color: #000;
      background: #f5f5f5;
      padding: 20px;
    }

    .container {
      max-width: 210mm;
      margin: 0 auto;
      background: #fff;
      padding: 30mm;
      box-shadow: 0 0 20px rgba(0, 0, 0, 0.1);
      page-break-after: always;
    }

    /* ===== HEADER ===== */
    .header {
      text-align: center;
      margin-bottom: 20px;
      border-bottom: 3px solid #1f4e78;
      padding-bottom: 15px;
    }

    .document-title {
      font-size: 18px;
      font-weight: bold;
      margin-bottom: 10px;
      color: #1f4e78;
    }

    .document-meta {
      display: flex;
      justify-content: space-between;
      font-size: 12px;
      color: #333;
    }

    /* ===== CONTENT ===== */
    .section {
      margin-bottom: 20px;
    }

    .section-title {
      font-size: 13px;
      font-weight: bold;
      text-align: center;
      text-transform: uppercase;
      margin: 20px 0 15px 0;
      padding: 10px 0;
      border-bottom: 2px solid #1f4e78;
      color: #1f4e78;
    }

    .preamble {
      text-align: justify;
      line-height: 1.6;
      margin-bottom: 20px;
      text-indent: 30px;
    }

    .preamble p {
      margin-bottom: 12px;
    }

    .preamble strong {
      font-weight: bold;
    }

    /* ===== POINTS ===== */
    .point {
      text-align: justify;
      line-height: 1.6;
      margin-bottom: 10px;
      text-indent: 30px;
    }

    .subpoint {
      text-align: justify;
      line-height: 1.6;
      margin-bottom: 8px;
      margin-left: 30px;
      text-indent: 20px;
    }

    .point strong,
    .subpoint strong {
      font-weight: bold;
    }

    /* ===== TABLE ===== */
    .table {
      width: 100%;
      border-collapse: collapse;
      margin: 15px 0;
      font-size: 12px;
    }

    .table th,
    .table td {
      border: 1px solid #000;
      padding: 8px;
      text-align: left;
    }

    .table th {
      background-color: #d9e1f2;
      font-weight: bold;
      text-align: center;
      color: #1f4e78;
    }

    .table td {
      padding: 6px 8px;
    }

    .table-center {
      text-align: center;
    }

    .table-right {
      text-align: right;
    }

    .table-bold {
      font-weight: bold;
    }

    .table-shaded {
      background-color: #e7e6e6;
    }

    /* ===== TOTALS ===== */
    .totals {
      margin: 20px 0;
      display: flex;
      flex-direction: column;
      align-items: flex-end;
    }

    .total-row {
      display: flex;
      justify-content: space-between;
      width: 350px;
      padding: 8px 15px;
      border-top: 1px solid #ccc;
      font-size: 12px;
    }

    .total-row.header {
      font-weight: bold;
      border-top: 2px solid #1f4e78;
      border-bottom: 2px solid #333;
      background: #f5f5f5;
    }

    .total-row.deposit {
      background-color: #f0f0f0;
      border-bottom: 3px double #333;
      font-weight: bold;
      color: #c00000;
    }

    .note-italic {
      font-style: italic;
      font-size: 11px;
      color: #666;
      margin: 10px 0;
    }

    /* ===== SIGNATURE ===== */
 .signatures {
  display: flex;
  justify-content: space-between;
  margin-top: 60px;
  border-top: 1px solid #ccc;
  padding-top: 40px;
  gap: 40px;

  align-items: stretch; /* ВАЖНО */
}

.signature-block {
  flex: 1;
  display: flex;
  flex-direction: column;
}

    .signature-title {
      font-weight: bold;
      margin-bottom: 15px;
      font-size: 12px;
    }

    .signature-info {
      font-size: 11px;
      margin-bottom: 20px;
      line-height: 1.5;
    }

    .signature-line {
      display: flex;
      gap: 20px;
      margin-top: auto;
      font-size: 11px;
    }

    .signature-line-blank {
      width: 100px;
      border-bottom: 1px solid #000;
    }

    /* ===== ACT ===== */
    .act-section {
      margin-top: 50px;
      padding-top: 40px;
      border-top: 2px dashed #000;
      page-break-before: auto;
    }

    .act-title {
      font-size: 16px;
      font-weight: bold;
      text-align: center;
      margin-bottom: 20px;
      color: #1f4e78;
    }

    .important-note {
      background-color: #fff3cd;
      border: 2px solid #ff6600;
      padding: 12px 15px;
      margin: 15px 0;
      text-align: justify;
      color: #c00000;
      font-weight: bold;
    }

    /* ===== UTILITY ===== */
    .template-tag {
      color: #999;
      font-size: 11px;
    }

    .hidden {
      display: none;
    }

    /* ===== PRINT ===== */
    @media print {
      body {
        background: #fff;
        padding: 0;
      }

      .container {
        max-width: 100%;
        box-shadow: none;
        padding: 0;
        page-break-after: always;
      }

      a {
        text-decoration: none;
      }
    }

    @page {
      size: A4;
      margin: 30mm;
      @bottom-center {
        content: ""Страница "" counter(page);
        font-size: 11px;
      }
    }
  </style>
</head>
<body>
  <div class=""container"">
    <!-- HEADER -->
    <div class=""header"">
      <div class=""document-title"">
      Договор аренды № {{order_number}}
      </div>
      <div class=""document-meta"">
        <span>г. Железногорск</span>
        <span>«{{hours}}» часов «{{minutes}}» минут «{{formattedDate}}»</span>
      </div>
    </div>

    <!-- PREAMBLE -->
    <div class=""preamble"">
      <p>
        Индивидуальный предприниматель <strong>Голубев Максим Анатольевич</strong>, в лице Голубева М. А., действующего на основании свидетельства ОГРНИП 318463200012946, с одной стороны, именуемый в дальнейшем <strong>«Пункт проката»</strong>, и
      </p>

      {{#if (eq client_type ""individual"")}}
        <p>
          <strong>{{last_name}} {{first_name}} {{middle_name}}</strong>, именуемый в дальнейшем <strong>«Клиент»</strong>, паспорт: серия <strong>{{passport_series}}</strong> № <strong>{{passport_number}}</strong> выдан: <strong>{{issued_by}}</strong>, когда <strong>{{issue_date}}</strong> зарегистрирован по адресу: <strong>{{registration_address}}</strong> с другой стороны, заключили настоящий Договор о нижеследующем:
        </p>
      {{else}}
        <p>
          <strong>{{company_name}}</strong>, в лице руководителя, действующего на основании Устава, именуемое в дальнейшем <strong>«Клиент»</strong>, ИНН: <strong>{{inn}}</strong>, КПП: <strong>{{kpp}}</strong>, ОГРН: <strong>{{ogrn}}</strong>, юридический адрес: <strong>{{legal_address}}</strong> с другой стороны, заключили настоящий Договор о нижеследующем:
        </p>
      {{/if}}
    </div>

    <!-- SECTION 1: PREDMET -->
    <div class=""section"">
      <div class=""section-title"">1. ПРЕДМЕТ ДОГОВОРА</div>

      <div class=""point"">
        <strong>1.1.</strong> Пункт проката обязуется предоставить Клиенту, за плату во временное пользование следующее движимое имущество, именуемое в дальнейшем <strong>«Имущество»</strong>:
      </div>

      <table class=""table"">
        <thead>
          <tr>
            <th style=""width: 4%;"">№</th>
            <th style=""width: 20%;"">Наименование</th>
            <th style=""width: 12%;"">Стоимость им-ва</th>
            <th style=""width: 12%;"">Инв. номер</th>
            <th style=""width: 14%;"">Возврат</th>
            <th style=""width: 10%;"">Цена/сут</th>
            <th style=""width: 8%;"">Срок</th>
            <th style=""width: 10%;"">Всего</th>
          </tr>
        </thead>
        <tbody>
          {{#each items}}
            <tr>
              <td class=""table-center"">{{this.index}}</td>
              <td>{{this.name}}</td>
                <td class=""table-right"">
        {{#if this.isCustom}}
          —
        {{else}}
          {{this.purchase_price}} р.
        {{/if}}
      </td>
              <td class=""table-center"">{{this.articleOrSerial}}</td>
              <td>{{this.formattedEndDate}}</td>
              <td class=""table-right"">{{this.price}} р.</td>
              <td class=""table-center"">{{this.days}}</td>
              <td class=""table-right table-bold"">{{this.rowTotal}} р.</td>
            </tr>
          {{/each}}
        </tbody>
      </table>

      <div class=""totals"">
        {{#if hasAdjustment}}
          <div class=""total-row"">
            <span>БАЗОВАЯ СТОИМОСТЬ:</span>
            <span>{{basePrice}} руб.</span>
          </div>
          <div class=""total-row"">
            <span>{{#if isExtraCharge}}НАЦЕНКА:{{else}}СКИДКА:{{/if}}</span>
            <span><strong>{{#if isExtraCharge}}+{{else}}-{{/if}}{{adjValue}} руб.</strong></span>
          </div>
        {{/if}}

        <div class=""total-row header"">
          <span>ИТОГО К ОПЛАТЕ:</span>
          <span>{{finalTotal}} руб.</span>
        </div>

        {{#if security_deposit}}
          <div class=""total-row deposit"">
            <span>ЗАЛОГ (ОБЕСПЕЧИТЕЛЬНЫЙ ПЛАТЕЖ):</span>
            <span>{{security_deposit}} руб.</span>
          </div>
        {{/if}}
      </div>

      {{#if hasAdjustment}}
        <p class=""note-italic"">
          * С учетом {{#if isExtraCharge}}дополнительной наценки{{else}}предоставленной скидки{{/if}} в размере <strong>{{adjValue}} руб.</strong> (Базовая стоимость проката: {{basePrice}} руб.)
        </p>
      {{/if}}

      <p style=""margin: 15px 0; font-style: italic;"">
        Рыночная стоимость имущества: <strong>{{totalPurchasePrice}} руб.</strong> (<strong>{{totalPurchasePriceWords}} рублей 00 копеек</strong>)
      </p>

      <div class=""subpoint"">
        <strong>1.2.</strong> Имущество используется Клиентом по прямому назначению в соответствии с правилами эксплуатации.
      </div>

      <div class=""subpoint"">
        <strong>1.3.</strong> Исправность сдаваемого в прокат Имущества проверена Клиентом при получении.
      </div>

      <div class=""subpoint"">
        <strong>1.4.</strong> Клиент ознакомлен с правилами эксплуатации и хранения Имущества, правилами техники безопасности при работе с Имуществом.
      </div>

      <div class=""subpoint"">
        <strong>1.5.</strong> Пункт проката не несет ответственность за травмы и несчастные случаи, произошедшие с Клиентом. Пункт проката не несет ответственность за вред, причиненный третьим лицам и их имуществу с помощью Имущества Пункта проката. <strong>Клиент и все лица, использующие Имущество, несут полную ответственность за любые повреждения, травмы и убытки.</strong>
      </div>

      <div class=""subpoint"">
        <strong>1.6.</strong> Имущество передается Клиенту и возвращается в Пункт проката по адресу: г. Железногорск, Курская область, ул. Мира 6 А – Мастерская № 1.
      </div>
    </div>

    <!-- SECTION 2: PAYMENT -->
    <div class=""section"">
      <div class=""section-title"">2. ОПЛАТА ПРОКАТА И ОБЕСПЕЧИТЕЛЬНЫЙ ПЛАТЕЖ</div>

      <div class=""point"">
        <strong>2.1.</strong> За прокат Имущества Клиент уплачивает общую сумму в размере <strong>{{total_price}} руб.</strong> согласно прейскуранту.
      </div>

      <div class=""point"">
        <strong>2.2.</strong> Стоимость проката взимается при заключении настоящего Договора или в соответствии со счетом на основе действующего прейскуранта.
      </div>

      <div class=""point"">
        <strong>2.3.</strong> При продлении Договора Клиент производит доплату за дополнительное время использования Имущества.
      </div>

      <div class=""point"">
        <strong>2.4.</strong> Оплата производится наличными в кассу Пункта проката, либо безналичным перечислением на счет Пункта проката не позднее 3 (трех) рабочих дней с момента возврата Имущества.
      </div>

      <div class=""point"">
        <strong>2.5.</strong> При досрочном возврате Имущества без повреждений Пункт проката возвращает часть стоимости за неиспользованные дни, исчисляя ее со дня, следующего за днем фактического возврата <strong>(за вычетом платежа в размере не менее 20% от начисленной суммы в качестве административного сбора)</strong>.
      </div>

      <div class=""point"">
        <strong>2.6.</strong> В целях обеспечения обязательств Клиент вносит Обеспечительный платеж в размере <strong>{{security_deposit}} руб.</strong> (<strong>{{securityDepositWords}} рублей 00 копеек</strong>).
      </div>

      <div class=""subpoint"">
        <strong>2.7.</strong> Обеспечительный платеж не является задатком (ст. 380, 381 ГК РФ). Проценты на него не начисляются.
      </div>

      <div class=""subpoint"">
        <strong>2.8.</strong> При ненадлежащем исполнении обязательств Обеспечительный платеж признается компенсацией ущерба Пункта проката.
      </div>

      <div class=""subpoint"">
        <strong>2.9.</strong> Пункт проката вправе производить отчисления из суммы залога на покрытие ущерба, задолженности, неустойки и штрафных санкций (п. 5.1, 5.2, 4.2.4).
      </div>

      <div class=""subpoint"">
        <strong>2.10.</strong> Остаток Обеспечительного платежа возвращается Клиенту не позднее 3 рабочих дней с момента возврата и проверки Имущества в Пункт проката.
      </div>
    </div>

    <!-- SECTION 3: TERMS -->
    <div class=""section"">
      <div class=""section-title"">3. СРОКИ ИСПОЛНЕНИЯ ОБЯЗАТЕЛЬСТВ</div>

      <div class=""point"">
        <strong>3.1.</strong> Договор действует до полного исполнения обязательств. <strong>Крайний срок возврата: {{maxEndDateFormatted}}</strong>
      </div>

      <div class=""point"">
        <strong>3.2.</strong> Имущество должно быть передано Клиенту в течение 24 часов после подписания Договора, передачи документов и внесения залога.
      </div>

      <div class=""point"">
        <strong>3.3.</strong> При просрочке возврата начисляется <strong>штрафная неустойка 10% от рыночной стоимости Имущества за каждый полный день просрочки</strong>. При просрочке свыше 7 дней Пункт проката вправе потребовать полную стоимость Имущества и/или обратиться в суд.
      </div>
    </div>

    <!-- SECTION 4: OBLIGATIONS -->
    <div class=""section"">
      <div class=""section-title"">4. ОБЯЗАННОСТИ СТОРОН</div>

      <div class=""point"">
        <strong>4.1.</strong> Пункт проката обязан: в присутствии Клиента проверить исправность Имущества, наличие всех деталей и компонентов, и ознакомить Клиента с правилами эксплуатации и техники безопасности.
      </div>

      <div class=""point"" style=""text-indent: 30px;"">
        <strong>4.2. Клиент обязан:</strong>
      </div>

      <div class=""subpoint"">
        <strong>4.2.1.</strong> При обнаружении поломки немедленно известить Пункт проката и сдать Имущество в течение 12 часов для выяснения причин и диагностики.
      </div>

      <div class=""subpoint"">
        <strong>4.2.2.</strong> Эксплуатировать Имущество только согласно инструкциям и правилам; <strong>не допускать вскрытия, замены деталей, разборки или внесения модификаций без письменного согласия Пункта проката</strong>.
      </div>

      <div class=""subpoint"">
        <strong>4.2.3.</strong> Оплатить полную стоимость проката за все время использования Имущества, включая период диагностики, доставки и ремонта, до момента возврата.
      </div>

      <div class=""subpoint"">
        <strong>4.2.4.</strong> Если недостатки и повреждения явились следствием нарушения правил эксплуатации (п. 4.2.2), Клиент полностью оплачивает ремонт, детали, транспортировку и работы в соответствии с смета Пункта проката. <strong>Минимальный размер компенсации за повреждение составляет 25% от рыночной стоимости Имущества.</strong>
      </div>

      <div class=""subpoint"">
        <strong>4.2.5.</strong> Проходить профилактический осмотр Имущества каждые 5 календарных дней проката (в соответствии с требованиями производителя). <strong>Запрещено использовать собственную топливно-смазочную смесь</strong>; только топливо и масло, рекомендованные производителем. Заправка ведется только на АЗС и у официальных дилеров.
      </div>

      <div class=""subpoint"">
        <strong>4.2.6.</strong> Вернуть Имущество в чистом виде, без грязи, масла, ржавчины. В противном случае взимается плата за чистку и полировку в размере <strong>500–1500 руб.</strong> в зависимости от степени загрязнения.
      </div>

      <div class=""subpoint"">
        <strong>4.2.7.</strong> Хранить Имущество в сухом месте, защищенном от прямого воздействия осадков, солнца и экстремальных температур.
      </div>
    </div>

    <!-- SECTION 5: LIABILITY -->
    <div class=""section"">
      <div class=""section-title"">5. ОТВЕТСТВЕННОСТЬ СТОРОН И РИСК</div>

      <div class=""point"">
        <strong>5.1. НЕВОЗВРАТ В СРОК:</strong> В случае невозврата Имущества в установленный срок Арендатор уплачивает неустойку в размере <strong>суточной арендной платы за каждый полный день просрочки,обеспечительный платёж остаётся у арендодателя в качестве штрафа.</strong>. При просрочке более 10 дней Пункт проката вправе требовать полной компенсации стоимости Имущества и затрат на его поиск/восстановление.
      </div>

      <div class=""point"">
        <strong>5.2. НЕОПЛАТА СТОИМОСТИ ПРОКАТА:</strong> При неоплате взимается пеня в размере <strong>10% от стоимости Имущества за каждый день просрочки платежа</strong>, но не более 100% от суммы стоимости имущества.
      </div>

      <div class=""point"">
        <strong>5.3. ВСЕ РИСКИ:</strong> Все риски, связанные с потерей, кражей, порчей, повреждением, коррозией и любыми иными дефектами Имущества, принимает на себя Клиент с момента получения Имущества от Пункта проката. <strong>Клиент несет полную материальную ответственность перед Пункт проката и третьими лицами.</strong>
      </div>

      <div class=""subpoint"">
        <strong>5.4.</strong> Клиент подтверждает, что не лишен гражданской дееспособности, осознает и принимает все условия и риски, связанные с данным Договором.
      </div>

      <div class=""subpoint"">
        <strong>5.5.</strong> При нарушении условий Договора Пункт проката имеет право требовать компенсацию убытков в судебном порядке в соответствии с российским законодательством.
      </div>
    </div>

    <!-- SIGNATURES -->
    <div class=""signatures"" style=""margin-top: 60px; border-top: 1px solid #ccc; padding-top: 40px;"">
      <div class=""signature-block"">
        <div class=""signature-title"">КЛИЕНТ</div>
        <div class=""signature-info"">
          {{#if (eq client_type ""individual"")}}
            {{last_name}} {{first_name}} {{middle_name}}<br/>
            Паспорт: {{passport_series}} № {{passport_number}}<br/>
            Адрес: {{registration_address}}<br/>
            Телефон: {{phone}}
          {{else}}
            <strong>{{company_name}}</strong><br/>
            ИНН/КПП: {{inn}} / {{kpp}}<br/>
            ОГРН: {{ogrn}}<br/>
            Адрес: {{legal_address}}
          {{/if}}
        </div>
        <div class=""signature-line"">
          <div class=""signature-line-blank""></div>
          <span>/&nbsp;_______________</span>
        </div>
      </div>

      <div class=""signature-block"">
        <div class=""signature-title"">ПУНКТ ПРОКАТА</div>
        <div class=""signature-info"">
          Мастерская №1<br/>
          ИП Голубев М.А.<br/>
          ИНН: 463310485078<br/>
          ОГРНИП 318463200012946<br/>
          г. Железногорск, ул. Мира 6А<br/>
          Тел: +7(930)852-22-96
        </div>
        <div class=""signature-line"">
          <div class=""signature-line-blank""></div>
          <span>/&nbsp;М.А. Голубев</span>
        </div>
      </div>
    </div>

    <!-- ACT SECTION -->
    <div class=""act-section"">
      <div class=""act-title"">АКТ ПРИЕМА-ПЕРЕДАЧИ К ДОГОВОРУ № {{order_number}}</div>

      <div class=""point"">
        <strong>1.</strong> Пункт проката передал, а Клиент принял Имущество в исправном состоянии и полной комплектности:
      </div>

      <table class=""table"">
        <thead>
          <tr>
            <th style=""width: 5%;"">№</th>
            <th style=""width: 30%;"">Наименование</th>
            <th style=""width: 20%;"">Оценочная стоимость</th>
            <th style=""width: 22%;"">Инв. номер</th>
            <th style=""width: 23%;"">Заводской номер</th>
          </tr>
        </thead>
        <tbody>
          {{#each items}}
            <tr>
              <td class=""table-center"">{{this.index}}</td>
              <td>{{this.name}}</td>
              <td class=""table-right"">
        {{#if this.isCustom}}
          —
        {{else}}
          {{this.purchase_price}} р.
        {{/if}}
      </td>
              <td class=""table-center"">{{this.article}}</td>
              <td>{{this.serial_number}}</td>
            </tr>
          {{/each}}
        </tbody>
      </table>

      <div class=""point"">
        <strong>2.</strong> Имущество передано в исправности. Работоспособность проверена в присутствии Клиента.
      </div>

      <div class=""important-note"">
        <strong>⚠️ ВАЖНО:</strong> Клиент обязуется оплатить все повреждения якоря, статора, двигателя, редуктора и других основных компонентов при нарушении правил эксплуатации (п. 4.2.2). Размер компенсации за такие повреждения составляет <strong>50–100% от рыночной стоимости Имущества</strong> в зависимости от степени повреждения.
      </div>

      <div class=""signatures"" style=""margin-top: 50px;"">
        <div class=""signature-block"">
          <div class=""signature-title"">КЛИЕНТ</div>
          <div class=""signature-line"">
            <div class=""signature-line-blank""></div>
             <span>/&nbsp;{{clientShortName}}</span>
          </div>
        </div>

        <div class=""signature-block"">
          <div class=""signature-title"">ПУНКТ ПРОКАТА</div>
          <div class=""signature-line"">
            <div class=""signature-line-blank""></div>
            <span>/&nbsp;М.А. Голубев</span>
          </div>
        </div>
      </div>
    </div>
  </div>",2026-05-13 06:24:49.887792+00," <style>
    * {
      margin: 0;
      padding: 0;
      box-sizing: border-box;
    }

    body {
      font-family: 'Times New Roman', Times, serif;
      font-size: 13px;
      line-height: 1.4;
      color: #000;
      background: #f5f5f5;
      padding: 20px;
    }

    .container {
      max-width: 210mm;
      margin: 0 auto;
      background: #fff;
      padding: 30mm;
      box-shadow: 0 0 20px rgba(0, 0, 0, 0.1);
      page-break-after: always;
    }

    /* ===== HEADER ===== */
    .header {
      text-align: center;
      margin-bottom: 20px;
      border-bottom: 3px solid #1f4e78;
      padding-bottom: 15px;
    }

    .document-title {
      font-size: 18px;
      font-weight: bold;
      margin-bottom: 10px;
      color: #1f4e78;
    }

    .document-meta {
      display: flex;
      justify-content: space-between;
      font-size: 12px;
      color: #333;
    }

    /* ===== CONTENT ===== */
    .section {
      margin-bottom: 20px;
    }

    .section-title {
      font-size: 13px;
      font-weight: bold;
      text-align: center;
      text-transform: uppercase;
      margin: 20px 0 15px 0;
      padding: 10px 0;
      border-bottom: 2px solid #1f4e78;
      color: #1f4e78;
    }

    .preamble {
      text-align: justify;
      line-height: 1.6;
      margin-bottom: 20px;
      text-indent: 30px;
    }

    .preamble p {
      margin-bottom: 12px;
    }

    .preamble strong {
      font-weight: bold;
    }

    /* ===== POINTS ===== */
    .point {
      text-align: justify;
      line-height: 1.6;
      margin-bottom: 10px;
      text-indent: 30px;
    }

    .subpoint {
      text-align: justify;
      line-height: 1.6;
      margin-bottom: 8px;
      margin-left: 30px;
      text-indent: 20px;
    }

    .point strong,
    .subpoint strong {
      font-weight: bold;
    }

    /* ===== TABLE ===== */
    .table {
      width: 100%;
      border-collapse: collapse;
      margin: 15px 0;
      font-size: 12px;
    }

    .table th,
    .table td {
      border: 1px solid #000;
      padding: 8px;
      text-align: left;
    }

    .table th {
      background-color: #d9e1f2;
      font-weight: bold;
      text-align: center;
      color: #1f4e78;
    }

    .table td {
      padding: 6px 8px;
    }

    .table-center {
      text-align: center;
    }

    .table-right {
      text-align: right;
    }

    .table-bold {
      font-weight: bold;
    }

    .table-shaded {
      background-color: #e7e6e6;
    }

    /* ===== TOTALS ===== */
    .totals {
      margin: 20px 0;
      display: flex;
      flex-direction: column;
      align-items: flex-end;
    }

    .total-row {
      display: flex;
      justify-content: space-between;
      width: 350px;
      padding: 8px 15px;
      border-top: 1px solid #ccc;
      font-size: 12px;
    }

    .total-row.header {
      font-weight: bold;
      border-top: 2px solid #1f4e78;
      border-bottom: 2px solid #333;
      background: #f5f5f5;
    }

    .total-row.deposit {
      background-color: #f0f0f0;
      border-bottom: 3px double #333;
      font-weight: bold;
      color: #c00000;
    }

    .note-italic {
      font-style: italic;
      font-size: 11px;
      color: #666;
      margin: 10px 0;
    }

    /* ===== SIGNATURE ===== */
 .signatures {
  display: flex;
  justify-content: space-between;
  margin-top: 60px;
  border-top: 1px solid #ccc;
  padding-top: 40px;
  gap: 40px;

  align-items: stretch; /* ВАЖНО */
}

.signature-block {
  flex: 1;
  display: flex;
  flex-direction: column;
}

    .signature-title {
      font-weight: bold;
      margin-bottom: 15px;
      font-size: 12px;
    }

    .signature-info {
      font-size: 11px;
      margin-bottom: 20px;
      line-height: 1.5;
    }

    .signature-line {
      display: flex;
      gap: 20px;
      margin-top: auto;
      font-size: 11px;
    }

    .signature-line-blank {
      width: 100px;
      border-bottom: 1px solid #000;
    }

    /* ===== ACT ===== */
    .act-section {
      margin-top: 50px;
      padding-top: 40px;
      border-top: 2px dashed #000;
      page-break-before: auto;
    }

    .act-title {
      font-size: 16px;
      font-weight: bold;
      text-align: center;
      margin-bottom: 20px;
      color: #1f4e78;
    }

    .important-note {
      background-color: #fff3cd;
      border: 2px solid #ff6600;
      padding: 12px 15px;
      margin: 15px 0;
      text-align: justify;
      color: #c00000;
      font-weight: bold;
    }

    /* ===== UTILITY ===== */
    .template-tag {
      color: #999;
      font-size: 11px;
    }

    .hidden {
      display: none;
    }

    /* ===== PRINT ===== */
    @media print {
      body {
        background: #fff;
        padding: 0;
      }

      .container {
        max-width: 100%;
        box-shadow: none;
        padding: 0;
        page-break-after: always;
      }

      a {
        text-decoration: none;
      }
    }

    @page {
      size: A4;
      margin: 30mm;
      @bottom-center {
        content: ""Страница "" counter(page);
        font-size: 11px;
      }
    }
  </style>
</head>
<body>
  <div class=""container"">
    <!-- HEADER -->
    <div class=""header"">
      <div class=""document-title"">
      Договор аренды № {{order_number}}
      </div>
      <div class=""document-meta"">
        <span>г. Железногорск</span>
        <span>«{{hours}}» часов «{{minutes}}» минут «{{formattedDate}}»</span>
      </div>
    </div>

    <!-- PREAMBLE -->
    <div class=""preamble"">
      <p>
        Индивидуальный предприниматель <strong>Голубев Максим Анатольевич</strong>, в лице Голубева М. А., действующего на основании свидетельства ОГРНИП 318463200012946, с одной стороны, именуемый в дальнейшем <strong>«Пункт проката»</strong>, и
      </p>

      {{#if (eq client_type ""individual"")}}
        <p>
          <strong>{{last_name}} {{first_name}} {{middle_name}}</strong>, именуемый в дальнейшем <strong>«Клиент»</strong>, паспорт: серия <strong>{{passport_series}}</strong> № <strong>{{passport_number}}</strong> выдан: <strong>{{issued_by}}</strong>, когда <strong>{{issue_date}}</strong> зарегистрирован по адресу: <strong>{{registration_address}}</strong> с другой стороны, заключили настоящий Договор о нижеследующем:
        </p>
      {{else}}
        <p>
          <strong>{{company_name}}</strong>, в лице руководителя, действующего на основании Устава, именуемое в дальнейшем <strong>«Клиент»</strong>, ИНН: <strong>{{inn}}</strong>, КПП: <strong>{{kpp}}</strong>, ОГРН: <strong>{{ogrn}}</strong>, юридический адрес: <strong>{{legal_address}}</strong> с другой стороны, заключили настоящий Договор о нижеследующем:
        </p>
      {{/if}}
    </div>

    <!-- SECTION 1: PREDMET -->
    <div class=""section"">
      <div class=""section-title"">1. ПРЕДМЕТ ДОГОВОРА</div>

      <div class=""point"">
        <strong>1.1.</strong> Пункт проката обязуется предоставить Клиенту, за плату во временное пользование следующее движимое имущество, именуемое в дальнейшем <strong>«Имущество»</strong>:
      </div>

      <table class=""table"">
        <thead>
          <tr>
            <th style=""width: 4%;"">№</th>
            <th style=""width: 20%;"">Наименование</th>
            <th style=""width: 12%;"">Стоимость им-ва</th>
            <th style=""width: 12%;"">Инв. номер</th>
            <th style=""width: 14%;"">Возврат</th>
            <th style=""width: 10%;"">Цена/сут</th>
            <th style=""width: 8%;"">Срок</th>
            <th style=""width: 10%;"">Всего</th>
          </tr>
        </thead>
        <tbody>
          {{#each items}}
            <tr>
              <td class=""table-center"">{{this.index}}</td>
              <td>{{this.name}}</td>
              <td class=""table-right"">{{this.purchase_price}} р.</td>
              <td class=""table-center"">{{this.articleOrSerial}}</td>
              <td>{{this.formattedEndDate}}</td>
              <td class=""table-right"">{{this.price}} р.</td>
              <td class=""table-center"">{{this.days}}</td>
              <td class=""table-right table-bold"">{{this.rowTotal}} р.</td>
            </tr>
          {{/each}}
        </tbody>
      </table>

      <div class=""totals"">
        {{#if hasAdjustment}}
          <div class=""total-row"">
            <span>БАЗОВАЯ СТОИМОСТЬ:</span>
            <span>{{basePrice}} руб.</span>
          </div>
          <div class=""total-row"">
            <span>{{#if isExtraCharge}}НАЦЕНКА:{{else}}СКИДКА:{{/if}}</span>
            <span><strong>{{#if isExtraCharge}}+{{else}}-{{/if}}{{adjValue}} руб.</strong></span>
          </div>
        {{/if}}

        <div class=""total-row header"">
          <span>ИТОГО К ОПЛАТЕ:</span>
          <span>{{finalTotal}} руб.</span>
        </div>

        {{#if security_deposit}}
          <div class=""total-row deposit"">
            <span>ЗАЛОГ (ОБЕСПЕЧИТЕЛЬНЫЙ ПЛАТЕЖ):</span>
            <span>{{security_deposit}} руб.</span>
          </div>
        {{/if}}
      </div>

      {{#if hasAdjustment}}
        <p class=""note-italic"">
          * С учетом {{#if isExtraCharge}}дополнительной наценки{{else}}предоставленной скидки{{/if}} в размере <strong>{{adjValue}} руб.</strong> (Базовая стоимость проката: {{basePrice}} руб.)
        </p>
      {{/if}}

      <p style=""margin: 15px 0; font-style: italic;"">
        Рыночная стоимость имущества: <strong>{{totalPurchasePrice}} руб.</strong> (<strong>{{totalPurchasePriceWords}} рублей 00 копеек</strong>)
      </p>

      <div class=""subpoint"">
        <strong>1.2.</strong> Имущество используется Клиентом по прямому назначению в соответствии с правилами эксплуатации.
      </div>

      <div class=""subpoint"">
        <strong>1.3.</strong> Исправность сдаваемого в прокат Имущества проверена Клиентом при получении.
      </div>

      <div class=""subpoint"">
        <strong>1.4.</strong> Клиент ознакомлен с правилами эксплуатации и хранения Имущества, правилами техники безопасности при работе с Имуществом.
      </div>

      <div class=""subpoint"">
        <strong>1.5.</strong> Пункт проката не несет ответственность за травмы и несчастные случаи, произошедшие с Клиентом. Пункт проката не несет ответственность за вред, причиненный третьим лицам и их имуществу с помощью Имущества Пункта проката. <strong>Клиент и все лица, использующие Имущество, несут полную ответственность за любые повреждения, травмы и убытки.</strong>
      </div>

      <div class=""subpoint"">
        <strong>1.6.</strong> Имущество передается Клиенту и возвращается в Пункт проката по адресу: г. Железногорск, Курская область, ул. Мира 6 А – Мастерская № 1.
      </div>
    </div>

    <!-- SECTION 2: PAYMENT -->
    <div class=""section"">
      <div class=""section-title"">2. ОПЛАТА ПРОКАТА И ОБЕСПЕЧИТЕЛЬНЫЙ ПЛАТЕЖ</div>

      <div class=""point"">
        <strong>2.1.</strong> За прокат Имущества Клиент уплачивает общую сумму в размере <strong>{{total_price}} руб.</strong> согласно прейскуранту.
      </div>

      <div class=""point"">
        <strong>2.2.</strong> Стоимость проката взимается при заключении настоящего Договора или в соответствии со счетом на основе действующего прейскуранта.
      </div>

      <div class=""point"">
        <strong>2.3.</strong> При продлении Договора Клиент производит доплату за дополнительное время использования Имущества.
      </div>

      <div class=""point"">
        <strong>2.4.</strong> Оплата производится наличными в кассу Пункта проката, либо безналичным перечислением на счет Пункта проката не позднее 3 (трех) рабочих дней с момента возврата Имущества.
      </div>

      <div class=""point"">
        <strong>2.5.</strong> При досрочном возврате Имущества без повреждений Пункт проката возвращает часть стоимости за неиспользованные дни, исчисляя ее со дня, следующего за днем фактического возврата <strong>(за вычетом платежа в размере не менее 20% от начисленной суммы в качестве административного сбора)</strong>.
      </div>

      <div class=""point"">
        <strong>2.6.</strong> В целях обеспечения обязательств Клиент вносит Обеспечительный платеж в размере <strong>{{security_deposit}} руб.</strong> (<strong>{{securityDepositWords}} рублей 00 копеек</strong>).
      </div>

      <div class=""subpoint"">
        <strong>2.7.</strong> Обеспечительный платеж не является задатком (ст. 380, 381 ГК РФ). Проценты на него не начисляются.
      </div>

      <div class=""subpoint"">
        <strong>2.8.</strong> При ненадлежащем исполнении обязательств Обеспечительный платеж признается компенсацией ущерба Пункта проката.
      </div>

      <div class=""subpoint"">
        <strong>2.9.</strong> Пункт проката вправе производить отчисления из суммы залога на покрытие ущерба, задолженности, неустойки и штрафных санкций (п. 5.1, 5.2, 4.2.4).
      </div>

      <div class=""subpoint"">
        <strong>2.10.</strong> Остаток Обеспечительного платежа возвращается Клиенту не позднее 3 рабочих дней с момента возврата и проверки Имущества в Пункт проката.
      </div>
    </div>

    <!-- SECTION 3: TERMS -->
    <div class=""section"">
      <div class=""section-title"">3. СРОКИ ИСПОЛНЕНИЯ ОБЯЗАТЕЛЬСТВ</div>

      <div class=""point"">
        <strong>3.1.</strong> Договор действует до полного исполнения обязательств. <strong>Крайний срок возврата: {{maxEndDateFormatted}}</strong>
      </div>

      <div class=""point"">
        <strong>3.2.</strong> Имущество должно быть передано Клиенту в течение 24 часов после подписания Договора, передачи документов и внесения залога.
      </div>

      <div class=""point"">
        <strong>3.3.</strong> При просрочке возврата начисляется <strong>штрафная неустойка 10% от рыночной стоимости Имущества за каждый полный день просрочки</strong>. При просрочке свыше 7 дней Пункт проката вправе потребовать полную стоимость Имущества и/или обратиться в суд.
      </div>
    </div>

    <!-- SECTION 4: OBLIGATIONS -->
    <div class=""section"">
      <div class=""section-title"">4. ОБЯЗАННОСТИ СТОРОН</div>

      <div class=""point"">
        <strong>4.1.</strong> Пункт проката обязан: в присутствии Клиента проверить исправность Имущества, наличие всех деталей и компонентов, и ознакомить Клиента с правилами эксплуатации и техники безопасности.
      </div>

      <div class=""point"" style=""text-indent: 30px;"">
        <strong>4.2. Клиент обязан:</strong>
      </div>

      <div class=""subpoint"">
        <strong>4.2.1.</strong> При обнаружении поломки немедленно известить Пункт проката и сдать Имущество в течение 12 часов для выяснения причин и диагностики.
      </div>

      <div class=""subpoint"">
        <strong>4.2.2.</strong> Эксплуатировать Имущество только согласно инструкциям и правилам; <strong>не допускать вскрытия, замены деталей, разборки или внесения модификаций без письменного согласия Пункта проката</strong>.
      </div>

      <div class=""subpoint"">
        <strong>4.2.3.</strong> Оплатить полную стоимость проката за все время использования Имущества, включая период диагностики, доставки и ремонта, до момента возврата.
      </div>

      <div class=""subpoint"">
        <strong>4.2.4.</strong> Если недостатки и повреждения явились следствием нарушения правил эксплуатации (п. 4.2.2), Клиент полностью оплачивает ремонт, детали, транспортировку и работы в соответствии с смета Пункта проката. <strong>Минимальный размер компенсации за повреждение составляет 25% от рыночной стоимости Имущества.</strong>
      </div>

      <div class=""subpoint"">
        <strong>4.2.5.</strong> Проходить профилактический осмотр Имущества каждые 5 календарных дней проката (в соответствии с требованиями производителя). <strong>Запрещено использовать собственную топливно-смазочную смесь</strong>; только топливо и масло, рекомендованные производителем. Заправка ведется только на АЗС и у официальных дилеров.
      </div>

      <div class=""subpoint"">
        <strong>4.2.6.</strong> Вернуть Имущество в чистом виде, без грязи, масла, ржавчины. В противном случае взимается плата за чистку и полировку в размере <strong>500–1500 руб.</strong> в зависимости от степени загрязнения.
      </div>

      <div class=""subpoint"">
        <strong>4.2.7.</strong> Хранить Имущество в сухом месте, защищенном от прямого воздействия осадков, солнца и экстремальных температур.
      </div>
    </div>

    <!-- SECTION 5: LIABILITY -->
    <div class=""section"">
      <div class=""section-title"">5. ОТВЕТСТВЕННОСТЬ СТОРОН И РИСК</div>

      <div class=""point"">
        <strong>5.1. НЕВОЗВРАТ В СРОК:</strong> В случае невозврата Имущества в установленный срок Арендатор уплачивает неустойку в размере <strong>суточной арендной платы за каждый полный день просрочки.</strong>. При просрочке более 10 дней Пункт проката вправе требовать полной компенсации стоимости Имущества и затрат на его поиск/восстановление.
      </div>

      <div class=""point"">
        <strong>5.2. НЕОПЛАТА СТОИМОСТИ ПРОКАТА:</strong> При неоплате взимается пеня в размере <strong>10% от стоимости Имущества за каждый день просрочки платежа</strong>, но не более 100% от суммы стоимости имущества.
      </div>

      <div class=""point"">
        <strong>5.3. ВСЕ РИСКИ:</strong> Все риски, связанные с потерей, кражей, порчей, повреждением, коррозией и любыми иными дефектами Имущества, принимает на себя Клиент с момента получения Имущества от Пункта проката. <strong>Клиент несет полную материальную ответственность перед Пункт проката и третьими лицами.</strong>
      </div>

      <div class=""subpoint"">
        <strong>5.4.</strong> Клиент подтверждает, что не лишен гражданской дееспособности, осознает и принимает все условия и риски, связанные с данным Договором.
      </div>

      <div class=""subpoint"">
        <strong>5.5.</strong> При нарушении условий Договора Пункт проката имеет право требовать компенсацию убытков в судебном порядке в соответствии с российским законодательством.
      </div>
    </div>

    <!-- SIGNATURES -->
    <div class=""signatures"" style=""margin-top: 60px; border-top: 1px solid #ccc; padding-top: 40px;"">
      <div class=""signature-block"">
        <div class=""signature-title"">КЛИЕНТ</div>
        <div class=""signature-info"">
          {{#if (eq client_type ""individual"")}}
            {{last_name}} {{first_name}} {{middle_name}}<br/>
            Паспорт: {{passport_series}} № {{passport_number}}<br/>
            Адрес: {{registration_address}}<br/>
            Телефон: {{phone}}
          {{else}}
            <strong>{{company_name}}</strong><br/>
            ИНН/КПП: {{inn}} / {{kpp}}<br/>
            ОГРН: {{ogrn}}<br/>
            Адрес: {{legal_address}}
          {{/if}}
        </div>
        <div class=""signature-line"">
          <div class=""signature-line-blank""></div>
          <span>/&nbsp;_______________</span>
        </div>
      </div>

      <div class=""signature-block"">
        <div class=""signature-title"">ПУНКТ ПРОКАТА</div>
        <div class=""signature-info"">
          Мастерская №1<br/>
          ИП Голубев М.А.<br/>
          ИНН: 463310485078<br/>
          ОГРНИП 318463200012946<br/>
          г. Железногорск, ул. Мира 6А<br/>
          Тел: +7(930)852-22-96
        </div>
        <div class=""signature-line"">
          <div class=""signature-line-blank""></div>
          <span>/&nbsp;М.А. Голубев</span>
        </div>
      </div>
    </div>

    <!-- ACT SECTION -->
    <div class=""act-section"">
      <div class=""act-title"">АКТ ПРИЕМА-ПЕРЕДАЧИ К ДОГОВОРУ № {{order_number}}</div>

      <div class=""point"">
        <strong>1.</strong> Пункт проката передал, а Клиент принял Имущество в исправном состоянии и полной комплектности:
      </div>

      <table class=""table"">
        <thead>
          <tr>
            <th style=""width: 5%;"">№</th>
            <th style=""width: 30%;"">Наименование</th>
            <th style=""width: 20%;"">Оценочная стоимость</th>
            <th style=""width: 22%;"">Инв. номер</th>
            <th style=""width: 23%;"">Заводской номер</th>
          </tr>
        </thead>
        <tbody>
          {{#each items}}
            <tr>
              <td class=""table-center"">{{this.index}}</td>
              <td>{{this.name}}</td>
              <td class=""table-right"">{{this.purchase_price}} р.</td>
              <td class=""table-center"">{{this.article}}</td>
              <td>{{this.serial_number}}</td>
            </tr>
          {{/each}}
        </tbody>
      </table>

      <div class=""point"">
        <strong>2.</strong> Имущество передано в исправности. Работоспособность проверена в присутствии Клиента.
      </div>

      <div class=""important-note"">
        <strong>⚠️ ВАЖНО:</strong> Клиент обязуется оплатить все повреждения якоря, статора, двигателя, редуктора и других основных компонентов при нарушении правил эксплуатации (п. 4.2.2). Размер компенсации за такие повреждения составляет <strong>50–100% от рыночной стоимости Имущества</strong> в зависимости от степени повреждения.
      </div>

      <div class=""signatures"" style=""margin-top: 50px;"">
        <div class=""signature-block"">
          <div class=""signature-title"">КЛИЕНТ</div>
          <div class=""signature-line"">
            <div class=""signature-line-blank""></div>
             <span>/&nbsp;{{clientShortName}}</span>
          </div>
        </div>

        <div class=""signature-block"">
          <div class=""signature-title"">ПУНКТ ПРОКАТА</div>
          <div class=""signature-line"">
            <div class=""signature-line-blank""></div>
            <span>/&nbsp;М.А. Голубев</span>
          </div>
        </div>
      </div>
    </div>
  </div>",2026-04-02 08:54:54.461724+00,8c89f646-04f0-4fce-a9ad-ace4672cbffc
1," <style>
    * {
      margin: 0;
      padding: 0;
      box-sizing: border-box;
    }

    body {
      font-family: 'Times New Roman', Times, serif;
      font-size: 13px;
      line-height: 1.4;
      color: #000;
      background: #f5f5f5;
      padding: 20px;
    }

    .container {
      max-width: 210mm;
      margin: 0 auto;
      background: #fff;
      padding: 30mm;
      box-shadow: 0 0 20px rgba(0, 0, 0, 0.1);
      page-break-after: always;
    }

    /* ===== HEADER ===== */
    .header {
      text-align: center;
      margin-bottom: 20px;
      border-bottom: 3px solid #1f4e78;
      padding-bottom: 15px;
    }

    .document-title {
      font-size: 18px;
      font-weight: bold;
      margin-bottom: 10px;
      color: #1f4e78;
    }

    .document-meta {
      display: flex;
      justify-content: space-between;
      font-size: 12px;
      color: #333;
    }

    /* ===== CONTENT ===== */
    .section {
      margin-bottom: 20px;
    }

    .section-title {
      font-size: 13px;
      font-weight: bold;
      text-align: center;
      text-transform: uppercase;
      margin: 20px 0 15px 0;
      padding: 10px 0;
      border-bottom: 2px solid #1f4e78;
      color: #1f4e78;
    }

    .preamble {
      text-align: justify;
      line-height: 1.6;
      margin-bottom: 20px;
      text-indent: 30px;
    }

    .preamble p {
      margin-bottom: 12px;
    }

    .preamble strong {
      font-weight: bold;
    }

    /* ===== POINTS ===== */
    .point {
      text-align: justify;
      line-height: 1.6;
      margin-bottom: 10px;
      text-indent: 30px;
    }

    .subpoint {
      text-align: justify;
      line-height: 1.6;
      margin-bottom: 8px;
      margin-left: 30px;
      text-indent: 20px;
    }

    .point strong,
    .subpoint strong {
      font-weight: bold;
    }

    /* ===== TABLE ===== */
    .table {
      width: 100%;
      border-collapse: collapse;
      margin: 15px 0;
      font-size: 12px;
    }

    .table th,
    .table td {
      border: 1px solid #000;
      padding: 8px;
      text-align: left;
    }

    .table th {
      background-color: #d9e1f2;
      font-weight: bold;
      text-align: center;
      color: #1f4e78;
    }

    .table td {
      padding: 6px 8px;
    }

    .table-center {
      text-align: center;
    }

    .table-right {
      text-align: right;
    }

    .table-bold {
      font-weight: bold;
    }

    .table-shaded {
      background-color: #e7e6e6;
    }

    /* ===== TOTALS ===== */
    .totals {
      margin: 20px 0;
      display: flex;
      flex-direction: column;
      align-items: flex-end;
    }

    .total-row {
      display: flex;
      justify-content: space-between;
      width: 350px;
      padding: 8px 15px;
      border-top: 1px solid #ccc;
      font-size: 12px;
    }

    .total-row.header {
      font-weight: bold;
      border-top: 2px solid #1f4e78;
      border-bottom: 2px solid #333;
      background: #f5f5f5;
    }

    .total-row.deposit {
      background-color: #f0f0f0;
      border-bottom: 3px double #333;
      font-weight: bold;
      color: #c00000;
    }

    .note-italic {
      font-style: italic;
      font-size: 11px;
      color: #666;
      margin: 10px 0;
    }

    /* ===== SIGNATURE ===== */
 .signatures {
  display: flex;
  justify-content: space-between;
  margin-top: 60px;
  border-top: 1px solid #ccc;
  padding-top: 40px;
  gap: 40px;

  align-items: stretch; /* ВАЖНО */
}

.signature-block {
  flex: 1;
  display: flex;
  flex-direction: column;
}

    .signature-title {
      font-weight: bold;
      margin-bottom: 15px;
      font-size: 12px;
    }

    .signature-info {
      font-size: 11px;
      margin-bottom: 20px;
      line-height: 1.5;
    }

    .signature-line {
      display: flex;
      gap: 20px;
      margin-top: auto;
      font-size: 11px;
    }

    .signature-line-blank {
      width: 100px;
      border-bottom: 1px solid #000;
    }

    /* ===== ACT ===== */
    .act-section {
      margin-top: 50px;
      padding-top: 40px;
      border-top: 2px dashed #000;
      page-break-before: auto;
    }

    .act-title {
      font-size: 16px;
      font-weight: bold;
      text-align: center;
      margin-bottom: 20px;
      color: #1f4e78;
    }

    .important-note {
      background-color: #fff3cd;
      border: 2px solid #ff6600;
      padding: 12px 15px;
      margin: 15px 0;
      text-align: justify;
      color: #c00000;
      font-weight: bold;
    }

    /* ===== UTILITY ===== */
    .template-tag {
      color: #999;
      font-size: 11px;
    }

    .hidden {
      display: none;
    }

    /* ===== PRINT ===== */
    @media print {
      body {
        background: #fff;
        padding: 0;
      }

      .container {
        max-width: 100%;
        box-shadow: none;
        padding: 0;
        page-break-after: always;
      }

      a {
        text-decoration: none;
      }
    }

    @page {
      size: A4;
      margin: 30mm;
      @bottom-center {
        content: ""Страница "" counter(page);
        font-size: 11px;
      }
    }
  </style>
</head>
<body>
  <div class=""container"">
    <!-- HEADER -->
    <div class=""header"">
      <div class=""document-title"">
        {{#if (eq client_type ""individual"")}}
          Договор № {{order_number}}
        {{else}}
         Догвор аренды № {{order_number}}
        {{/if}}
      </div>
      <div class=""document-meta"">
        <span>г. Железногорск</span>
        <span>«{{hours}}» часов «{{minutes}}» минут «{{formattedDate}}»</span>
      </div>
    </div>

    <!-- PREAMBLE -->
    <div class=""preamble"">
      <p>
        Индивидуальный предприниматель <strong>Голубев Максим Анатольевич</strong>, в лице Голубева М. А., действующего на основании свидетельства ОГРНИП 318463200012946, с одной стороны, именуемый в дальнейшем <strong>«Пункт проката»</strong>, и
      </p>

      {{#if (eq client_type ""individual"")}}
        <p>
          <strong>{{last_name}} {{first_name}} {{middle_name}}</strong>, именуемый в дальнейшем <strong>«Клиент»</strong>, паспорт: серия <strong>{{passport_series}}</strong> № <strong>{{passport_number}}</strong> выдан: <strong>{{issued_by}}</strong>, когда <strong>{{issue_date}}</strong> зарегистрирован по адресу: <strong>{{registration_address}}</strong> с другой стороны, заключили настоящий Договор о нижеследующем:
        </p>
      {{else}}
        <p>
          <strong>{{company_name}}</strong>, в лице руководителя, действующего на основании Устава, именуемое в дальнейшем <strong>«Клиент»</strong>, ИНН: <strong>{{inn}}</strong>, КПП: <strong>{{kpp}}</strong>, ОГРН: <strong>{{ogrn}}</strong>, юридический адрес: <strong>{{legal_address}}</strong> с другой стороны, заключили настоящий Договор о нижеследующем:
        </p>
      {{/if}}
    </div>

    <!-- SECTION 1: PREDMET -->
    <div class=""section"">
      <div class=""section-title"">1. ПРЕДМЕТ ДОГОВОРА</div>

      <div class=""point"">
        <strong>1.1.</strong> Пункт проката обязуется предоставить Клиенту, за плату во временное пользование следующее движимое имущество, именуемое в дальнейшем <strong>«Имущество»</strong>:
      </div>

      <table class=""table"">
        <thead>
          <tr>
            <th style=""width: 4%;"">№</th>
            <th style=""width: 20%;"">Наименование</th>
            <th style=""width: 12%;"">Стоимость им-ва</th>
            <th style=""width: 12%;"">Инв. номер</th>
            <th style=""width: 14%;"">Возврат</th>
            <th style=""width: 10%;"">Цена/сут</th>
            <th style=""width: 8%;"">Срок</th>
            <th style=""width: 10%;"">Всего</th>
          </tr>
        </thead>
        <tbody>
          {{#each items}}
            <tr>
              <td class=""table-center"">{{this.index}}</td>
              <td>{{this.name}}</td>
                <td class=""table-right"">
        {{#if this.isCustom}}
          —
        {{else}}
          {{this.purchase_price}} р.
        {{/if}}
      </td>
              <td class=""table-center"">{{this.articleOrSerial}}</td>
              <td>{{this.formattedEndDate}}</td>
              <td class=""table-right"">{{this.price}} р.</td>
              <td class=""table-center"">{{this.days}}</td>
              <td class=""table-right table-bold"">{{this.rowTotal}} р.</td>
            </tr>
          {{/each}}
        </tbody>
      </table>

      <div class=""totals"">
        {{#if hasAdjustment}}
          <div class=""total-row"">
            <span>БАЗОВАЯ СТОИМОСТЬ:</span>
            <span>{{basePrice}} руб.</span>
          </div>
          <div class=""total-row"">
            <span>{{#if isExtraCharge}}НАЦЕНКА:{{else}}СКИДКА:{{/if}}</span>
            <span><strong>{{#if isExtraCharge}}+{{else}}-{{/if}}{{adjValue}} руб.</strong></span>
          </div>
        {{/if}}

        <div class=""total-row header"">
          <span>ИТОГО К ОПЛАТЕ:</span>
          <span>{{finalTotal}} руб.</span>
        </div>

        {{#if security_deposit}}
          <div class=""total-row deposit"">
            <span>ЗАЛОГ (ОБЕСПЕЧИТЕЛЬНЫЙ ПЛАТЕЖ):</span>
            <span>{{security_deposit}} руб.</span>
          </div>
        {{/if}}
      </div>

      {{#if hasAdjustment}}
        <p class=""note-italic"">
          * С учетом {{#if isExtraCharge}}дополнительной наценки{{else}}предоставленной скидки{{/if}} в размере <strong>{{adjValue}} руб.</strong> (Базовая стоимость проката: {{basePrice}} руб.)
        </p>
      {{/if}}

      <p style=""margin: 15px 0; font-style: italic;"">
        Рыночная стоимость имущества: <strong>{{totalPurchasePrice}} руб.</strong> (<strong>{{totalPurchasePriceWords}} рублей 00 копеек</strong>)
      </p>

      <div class=""subpoint"">
        <strong>1.2.</strong> Имущество используется Клиентом по прямому назначению в соответствии с правилами эксплуатации.
      </div>

      <div class=""subpoint"">
        <strong>1.3.</strong> Исправность сдаваемого в прокат Имущества проверена Клиентом при получении.
      </div>

      <div class=""subpoint"">
        <strong>1.4.</strong> Клиент ознакомлен с правилами эксплуатации и хранения Имущества, правилами техники безопасности при работе с Имуществом.
      </div>

      <div class=""subpoint"">
        <strong>1.5.</strong> Пункт проката не несет ответственность за травмы и несчастные случаи, произошедшие с Клиентом. Пункт проката не несет ответственность за вред, причиненный третьим лицам и их имуществу с помощью Имущества Пункта проката. <strong>Клиент и все лица, использующие Имущество, несут полную ответственность за любые повреждения, травмы и убытки.</strong>
      </div>

      <div class=""subpoint"">
        <strong>1.6.</strong> Имущество передается Клиенту и возвращается в Пункт проката по адресу: г. Железногорск, Курская область, ул. Мира 6 А – Мастерская № 1.
      </div>
    </div>

    <!-- SECTION 2: PAYMENT -->
    <div class=""section"">
      <div class=""section-title"">2. ОПЛАТА ПРОКАТА И ОБЕСПЕЧИТЕЛЬНЫЙ ПЛАТЕЖ</div>

      <div class=""point"">
        <strong>2.1.</strong> За прокат Имущества Клиент уплачивает общую сумму в размере <strong>{{total_price}} руб.</strong> согласно прейскуранту.
      </div>

      <div class=""point"">
        <strong>2.2.</strong> Стоимость проката взимается при заключении настоящего Договора или в соответствии со счетом на основе действующего прейскуранта.
      </div>

      <div class=""point"">
        <strong>2.3.</strong> При продлении Договора Клиент производит доплату за дополнительное время использования Имущества.
      </div>

      <div class=""point"">
        <strong>2.4.</strong> Оплата производится наличными в кассу Пункта проката, либо безналичным перечислением на счет Пункта проката не позднее 3 (трех) рабочих дней с момента возврата Имущества.
      </div>

      <div class=""point"">
        <strong>2.5.</strong> При досрочном возврате Имущества без повреждений Пункт проката возвращает часть стоимости за неиспользованные дни, исчисляя ее со дня, следующего за днем фактического возврата <strong>(за вычетом платежа в размере не менее 20% от начисленной суммы в качестве административного сбора)</strong>.
      </div>

      <div class=""point"">
        <strong>2.6.</strong> В целях обеспечения обязательств Клиент вносит Обеспечительный платеж в размере <strong>{{security_deposit}} руб.</strong> (<strong>{{securityDepositWords}} рублей 00 копеек</strong>).
      </div>

      <div class=""subpoint"">
        <strong>2.7.</strong> Обеспечительный платеж не является задатком (ст. 380, 381 ГК РФ). Проценты на него не начисляются.
      </div>

      <div class=""subpoint"">
        <strong>2.8.</strong> При ненадлежащем исполнении обязательств Обеспечительный платеж признается компенсацией ущерба Пункта проката.
      </div>

      <div class=""subpoint"">
        <strong>2.9.</strong> Пункт проката вправе производить отчисления из суммы залога на покрытие ущерба, задолженности, неустойки и штрафных санкций (п. 5.1, 5.2, 4.2.4).
      </div>

      <div class=""subpoint"">
        <strong>2.10.</strong> Остаток Обеспечительного платежа возвращается Клиенту не позднее 3 рабочих дней с момента возврата и проверки Имущества в Пункт проката.
      </div>
    </div>

    <!-- SECTION 3: TERMS -->
    <div class=""section"">
      <div class=""section-title"">3. СРОКИ ИСПОЛНЕНИЯ ОБЯЗАТЕЛЬСТВ</div>

      <div class=""point"">
        <strong>3.1.</strong> Договор действует до полного исполнения обязательств. <strong>Крайний срок возврата: {{maxEndDateFormatted}}</strong>
      </div>

      <div class=""point"">
        <strong>3.2.</strong> Имущество должно быть передано Клиенту в течение 24 часов после подписания Договора, передачи документов и внесения залога.
      </div>

      <div class=""point"">
        <strong>3.3.</strong> При просрочке возврата начисляется <strong>штрафная неустойка 10% от рыночной стоимости Имущества за каждый полный день просрочки</strong>. При просрочке свыше 7 дней Пункт проката вправе потребовать полную стоимость Имущества и/или обратиться в суд.
      </div>
    </div>

    <!-- SECTION 4: OBLIGATIONS -->
    <div class=""section"">
      <div class=""section-title"">4. ОБЯЗАННОСТИ СТОРОН</div>

      <div class=""point"">
        <strong>4.1.</strong> Пункт проката обязан: в присутствии Клиента проверить исправность Имущества, наличие всех деталей и компонентов, и ознакомить Клиента с правилами эксплуатации и техники безопасности.
      </div>

      <div class=""point"" style=""text-indent: 30px;"">
        <strong>4.2. Клиент обязан:</strong>
      </div>

      <div class=""subpoint"">
        <strong>4.2.1.</strong> При обнаружении поломки немедленно известить Пункт проката и сдать Имущество в течение 12 часов для выяснения причин и диагностики.
      </div>

      <div class=""subpoint"">
        <strong>4.2.2.</strong> Эксплуатировать Имущество только согласно инструкциям и правилам; <strong>не допускать вскрытия, замены деталей, разборки или внесения модификаций без письменного согласия Пункта проката</strong>.
      </div>

      <div class=""subpoint"">
        <strong>4.2.3.</strong> Оплатить полную стоимость проката за все время использования Имущества, включая период диагностики, доставки и ремонта, до момента возврата.
      </div>

      <div class=""subpoint"">
        <strong>4.2.4.</strong> Если недостатки и повреждения явились следствием нарушения правил эксплуатации (п. 4.2.2), Клиент полностью оплачивает ремонт, детали, транспортировку и работы в соответствии с смета Пункта проката. <strong>Минимальный размер компенсации за повреждение составляет 25% от рыночной стоимости Имущества.</strong>
      </div>

      <div class=""subpoint"">
        <strong>4.2.5.</strong> Проходить профилактический осмотр Имущества каждые 5 календарных дней проката (в соответствии с требованиями производителя). <strong>Запрещено использовать собственную топливно-смазочную смесь</strong>; только топливо и масло, рекомендованные производителем. Заправка ведется только на АЗС и у официальных дилеров.
      </div>

      <div class=""subpoint"">
        <strong>4.2.6.</strong> Вернуть Имущество в чистом виде, без грязи, масла, ржавчины. В противном случае взимается плата за чистку и полировку в размере <strong>500–1500 руб.</strong> в зависимости от степени загрязнения.
      </div>

      <div class=""subpoint"">
        <strong>4.2.7.</strong> Хранить Имущество в сухом месте, защищенном от прямого воздействия осадков, солнца и экстремальных температур.
      </div>
    </div>

    <!-- SECTION 5: LIABILITY -->
    <div class=""section"">
      <div class=""section-title"">5. ОТВЕТСТВЕННОСТЬ СТОРОН И РИСК</div>

      <div class=""point"">
        <strong>5.1. НЕВОЗВРАТ В СРОК:</strong> В случае невозврата Имущества в установленный срок Арендатор уплачивает неустойку в размере <strong>суточной арендной платы за каждый полный день просрочки.</strong>. При просрочке более 10 дней Пункт проката вправе требовать полной компенсации стоимости Имущества и затрат на его поиск/восстановление.
      </div>

      <div class=""point"">
        <strong>5.2. НЕОПЛАТА СТОИМОСТИ ПРОКАТА:</strong> При неоплате взимается пеня в размере <strong>10% от стоимости Имущества за каждый день просрочки платежа</strong>, но не более 100% от суммы стоимости имущества.
      </div>

      <div class=""point"">
        <strong>5.3. ВСЕ РИСКИ:</strong> Все риски, связанные с потерей, кражей, порчей, повреждением, коррозией и любыми иными дефектами Имущества, принимает на себя Клиент с момента получения Имущества от Пункта проката. <strong>Клиент несет полную материальную ответственность перед Пункт проката и третьими лицами.</strong>
      </div>

      <div class=""subpoint"">
        <strong>5.4.</strong> Клиент подтверждает, что не лишен гражданской дееспособности, осознает и принимает все условия и риски, связанные с данным Договором.
      </div>

      <div class=""subpoint"">
        <strong>5.5.</strong> При нарушении условий Договора Пункт проката имеет право требовать компенсацию убытков в судебном порядке в соответствии с российским законодательством.
      </div>
    </div>

    <!-- SIGNATURES -->
    <div class=""signatures"" style=""margin-top: 60px; border-top: 1px solid #ccc; padding-top: 40px;"">
      <div class=""signature-block"">
        <div class=""signature-title"">КЛИЕНТ</div>
        <div class=""signature-info"">
          {{#if (eq client_type ""individual"")}}
            {{last_name}} {{first_name}} {{middle_name}}<br/>
            Паспорт: {{passport_series}} № {{passport_number}}<br/>
            Адрес: {{registration_address}}<br/>
            Телефон: {{phone}}
          {{else}}
            <strong>{{company_name}}</strong><br/>
            ИНН/КПП: {{inn}} / {{kpp}}<br/>
            ОГРН: {{ogrn}}<br/>
            Адрес: {{legal_address}}
          {{/if}}
        </div>
        <div class=""signature-line"">
          <div class=""signature-line-blank""></div>
          <span>/&nbsp;_______________</span>
        </div>
      </div>

      <div class=""signature-block"">
        <div class=""signature-title"">ПУНКТ ПРОКАТА</div>
        <div class=""signature-info"">
          Мастерская №1<br/>
          ИП Голубев М.А.<br/>
          ИНН: 463310485078<br/>
          ОГРНИП 318463200012946<br/>
          г. Железногорск, ул. Мира 6А<br/>
          Тел: +7(930)852-22-96
        </div>
        <div class=""signature-line"">
          <div class=""signature-line-blank""></div>
          <span>/&nbsp;М.А. Голубев</span>
        </div>
      </div>
    </div>

    <!-- ACT SECTION -->
    <div class=""act-section"">
      <div class=""act-title"">АКТ ПРИЕМА-ПЕРЕДАЧИ К ДОГОВОРУ № {{order_number}}</div>

      <div class=""point"">
        <strong>1.</strong> Пункт проката передал, а Клиент принял Имущество в исправном состоянии и полной комплектности:
      </div>

      <table class=""table"">
        <thead>
          <tr>
            <th style=""width: 5%;"">№</th>
            <th style=""width: 30%;"">Наименование</th>
            <th style=""width: 20%;"">Оценочная стоимость</th>
            <th style=""width: 22%;"">Инв. номер</th>
            <th style=""width: 23%;"">Заводской номер</th>
          </tr>
        </thead>
        <tbody>
          {{#each items}}
            <tr>
              <td class=""table-center"">{{this.index}}</td>
              <td>{{this.name}}</td>
             <td class=""table-right"">
        {{#if this.isCustom}}
          —
        {{else}}
          {{this.purchase_price}} р.
        {{/if}}
      </td>
              <td class=""table-center"">{{this.article}}</td>
              <td>{{this.serial_number}}</td>
            </tr>
          {{/each}}
        </tbody>
      </table>

      <div class=""point"">
        <strong>2.</strong> Имущество передано в исправности. Работоспособность проверена в присутствии Клиента.
      </div>

      <div class=""important-note"">
        <strong>⚠️ ВАЖНО:</strong> Клиент обязуется оплатить все повреждения якоря, статора, двигателя, редуктора и других основных компонентов при нарушении правил эксплуатации (п. 4.2.2). Размер компенсации за такие повреждения составляет <strong>50–100% от рыночной стоимости Имущества</strong> в зависимости от степени повреждения.
      </div>

      <div class=""signatures"" style=""margin-top: 50px;"">
        <div class=""signature-block"">
          <div class=""signature-title"">КЛИЕНТ</div>
          <div class=""signature-line"">
            <div class=""signature-line-blank""></div>
             <span>/&nbsp;{{clientShortName}}</span>
          </div>
        </div>

        <div class=""signature-block"">
          <div class=""signature-title"">ПУНКТ ПРОКАТА</div>
          <div class=""signature-line"">
            <div class=""signature-line-blank""></div>
            <span>/&nbsp;М.А. Голубев</span>
          </div>
        </div>
      </div>
    </div>
  </div>",2026-05-13 08:19:11.158134+00," <style>
    * {
      margin: 0;
      padding: 0;
      box-sizing: border-box;
    }

    body {
      font-family: 'Times New Roman', Times, serif;
      font-size: 13px;
      line-height: 1.4;
      color: #000;
      background: #f5f5f5;
      padding: 20px;
    }

    .container {
      max-width: 210mm;
      margin: 0 auto;
      background: #fff;
      padding: 30mm;
      box-shadow: 0 0 20px rgba(0, 0, 0, 0.1);
      page-break-after: always;
    }

    /* ===== HEADER ===== */
    .header {
      text-align: center;
      margin-bottom: 20px;
      border-bottom: 3px solid #1f4e78;
      padding-bottom: 15px;
    }

    .document-title {
      font-size: 18px;
      font-weight: bold;
      margin-bottom: 10px;
      color: #1f4e78;
    }

    .document-meta {
      display: flex;
      justify-content: space-between;
      font-size: 12px;
      color: #333;
    }

    /* ===== CONTENT ===== */
    .section {
      margin-bottom: 20px;
    }

    .section-title {
      font-size: 13px;
      font-weight: bold;
      text-align: center;
      text-transform: uppercase;
      margin: 20px 0 15px 0;
      padding: 10px 0;
      border-bottom: 2px solid #1f4e78;
      color: #1f4e78;
    }

    .preamble {
      text-align: justify;
      line-height: 1.6;
      margin-bottom: 20px;
      text-indent: 30px;
    }

    .preamble p {
      margin-bottom: 12px;
    }

    .preamble strong {
      font-weight: bold;
    }

    /* ===== POINTS ===== */
    .point {
      text-align: justify;
      line-height: 1.6;
      margin-bottom: 10px;
      text-indent: 30px;
    }

    .subpoint {
      text-align: justify;
      line-height: 1.6;
      margin-bottom: 8px;
      margin-left: 30px;
      text-indent: 20px;
    }

    .point strong,
    .subpoint strong {
      font-weight: bold;
    }

    /* ===== TABLE ===== */
    .table {
      width: 100%;
      border-collapse: collapse;
      margin: 15px 0;
      font-size: 12px;
    }

    .table th,
    .table td {
      border: 1px solid #000;
      padding: 8px;
      text-align: left;
    }

    .table th {
      background-color: #d9e1f2;
      font-weight: bold;
      text-align: center;
      color: #1f4e78;
    }

    .table td {
      padding: 6px 8px;
    }

    .table-center {
      text-align: center;
    }

    .table-right {
      text-align: right;
    }

    .table-bold {
      font-weight: bold;
    }

    .table-shaded {
      background-color: #e7e6e6;
    }

    /* ===== TOTALS ===== */
    .totals {
      margin: 20px 0;
      display: flex;
      flex-direction: column;
      align-items: flex-end;
    }

    .total-row {
      display: flex;
      justify-content: space-between;
      width: 350px;
      padding: 8px 15px;
      border-top: 1px solid #ccc;
      font-size: 12px;
    }

    .total-row.header {
      font-weight: bold;
      border-top: 2px solid #1f4e78;
      border-bottom: 2px solid #333;
      background: #f5f5f5;
    }

    .total-row.deposit {
      background-color: #f0f0f0;
      border-bottom: 3px double #333;
      font-weight: bold;
      color: #c00000;
    }

    .note-italic {
      font-style: italic;
      font-size: 11px;
      color: #666;
      margin: 10px 0;
    }

    /* ===== SIGNATURE ===== */
 .signatures {
  display: flex;
  justify-content: space-between;
  margin-top: 60px;
  border-top: 1px solid #ccc;
  padding-top: 40px;
  gap: 40px;

  align-items: stretch; /* ВАЖНО */
}

.signature-block {
  flex: 1;
  display: flex;
  flex-direction: column;
}

    .signature-title {
      font-weight: bold;
      margin-bottom: 15px;
      font-size: 12px;
    }

    .signature-info {
      font-size: 11px;
      margin-bottom: 20px;
      line-height: 1.5;
    }

    .signature-line {
      display: flex;
      gap: 20px;
      margin-top: auto;
      font-size: 11px;
    }

    .signature-line-blank {
      width: 100px;
      border-bottom: 1px solid #000;
    }

    /* ===== ACT ===== */
    .act-section {
      margin-top: 50px;
      padding-top: 40px;
      border-top: 2px dashed #000;
      page-break-before: auto;
    }

    .act-title {
      font-size: 16px;
      font-weight: bold;
      text-align: center;
      margin-bottom: 20px;
      color: #1f4e78;
    }

    .important-note {
      background-color: #fff3cd;
      border: 2px solid #ff6600;
      padding: 12px 15px;
      margin: 15px 0;
      text-align: justify;
      color: #c00000;
      font-weight: bold;
    }

    /* ===== UTILITY ===== */
    .template-tag {
      color: #999;
      font-size: 11px;
    }

    .hidden {
      display: none;
    }

    /* ===== PRINT ===== */
    @media print {
      body {
        background: #fff;
        padding: 0;
      }

      .container {
        max-width: 100%;
        box-shadow: none;
        padding: 0;
        page-break-after: always;
      }

      a {
        text-decoration: none;
      }
    }

    @page {
      size: A4;
      margin: 30mm;
      @bottom-center {
        content: ""Страница "" counter(page);
        font-size: 11px;
      }
    }
  </style>
</head>
<body>
  <div class=""container"">
    <!-- HEADER -->
    <div class=""header"">
      <div class=""document-title"">
        {{#if (eq client_type ""individual"")}}
          Договор № {{order_number}}
        {{else}}
         Догвор аренды № {{order_number}}
        {{/if}}
      </div>
      <div class=""document-meta"">
        <span>г. Железногорск</span>
        <span>«{{hours}}» часов «{{minutes}}» минут «{{formattedDate}}»</span>
      </div>
    </div>

    <!-- PREAMBLE -->
    <div class=""preamble"">
      <p>
        Индивидуальный предприниматель <strong>Голубев Максим Анатольевич</strong>, в лице Голубева М. А., действующего на основании свидетельства ОГРНИП 318463200012946, с одной стороны, именуемый в дальнейшем <strong>«Пункт проката»</strong>, и
      </p>

      {{#if (eq client_type ""individual"")}}
        <p>
          <strong>{{last_name}} {{first_name}} {{middle_name}}</strong>, именуемый в дальнейшем <strong>«Клиент»</strong>, паспорт: серия <strong>{{passport_series}}</strong> № <strong>{{passport_number}}</strong> выдан: <strong>{{issued_by}}</strong>, когда <strong>{{issue_date}}</strong> зарегистрирован по адресу: <strong>{{registration_address}}</strong> с другой стороны, заключили настоящий Договор о нижеследующем:
        </p>
      {{else}}
        <p>
          <strong>{{company_name}}</strong>, в лице руководителя, действующего на основании Устава, именуемое в дальнейшем <strong>«Клиент»</strong>, ИНН: <strong>{{inn}}</strong>, КПП: <strong>{{kpp}}</strong>, ОГРН: <strong>{{ogrn}}</strong>, юридический адрес: <strong>{{legal_address}}</strong> с другой стороны, заключили настоящий Договор о нижеследующем:
        </p>
      {{/if}}
    </div>

    <!-- SECTION 1: PREDMET -->
    <div class=""section"">
      <div class=""section-title"">1. ПРЕДМЕТ ДОГОВОРА</div>

      <div class=""point"">
        <strong>1.1.</strong> Пункт проката обязуется предоставить Клиенту, за плату во временное пользование следующее движимое имущество, именуемое в дальнейшем <strong>«Имущество»</strong>:
      </div>

      <table class=""table"">
        <thead>
          <tr>
            <th style=""width: 4%;"">№</th>
            <th style=""width: 20%;"">Наименование</th>
            <th style=""width: 12%;"">Стоимость им-ва</th>
            <th style=""width: 12%;"">Инв. номер</th>
            <th style=""width: 14%;"">Возврат</th>
            <th style=""width: 10%;"">Цена/сут</th>
            <th style=""width: 8%;"">Срок</th>
            <th style=""width: 10%;"">Всего</th>
          </tr>
        </thead>
        <tbody>
          {{#each items}}
            <tr>
              <td class=""table-center"">{{this.index}}</td>
              <td>{{this.name}}</td>
                <td class=""table-right"">
        {{#if this.isCustom}}
          —
        {{else}}
          {{this.purchase_price}} р.
        {{/if}}
      </td>
              <td class=""table-center"">{{this.articleOrSerial}}</td>
              <td>{{this.formattedEndDate}}</td>
              <td class=""table-right"">{{this.price}} р.</td>
              <td class=""table-center"">{{this.days}}</td>
              <td class=""table-right table-bold"">{{this.rowTotal}} р.</td>
            </tr>
          {{/each}}
        </tbody>
      </table>

      <div class=""totals"">
        {{#if hasAdjustment}}
          <div class=""total-row"">
            <span>БАЗОВАЯ СТОИМОСТЬ:</span>
            <span>{{basePrice}} руб.</span>
          </div>
          <div class=""total-row"">
            <span>{{#if isExtraCharge}}НАЦЕНКА:{{else}}СКИДКА:{{/if}}</span>
            <span><strong>{{#if isExtraCharge}}+{{else}}-{{/if}}{{adjValue}} руб.</strong></span>
          </div>
        {{/if}}

        <div class=""total-row header"">
          <span>ИТОГО К ОПЛАТЕ:</span>
          <span>{{finalTotal}} руб.</span>
        </div>

        {{#if security_deposit}}
          <div class=""total-row deposit"">
            <span>ЗАЛОГ (ОБЕСПЕЧИТЕЛЬНЫЙ ПЛАТЕЖ):</span>
            <span>{{security_deposit}} руб.</span>
          </div>
        {{/if}}
      </div>

      {{#if hasAdjustment}}
        <p class=""note-italic"">
          * С учетом {{#if isExtraCharge}}дополнительной наценки{{else}}предоставленной скидки{{/if}} в размере <strong>{{adjValue}} руб.</strong> (Базовая стоимость проката: {{basePrice}} руб.)
        </p>
      {{/if}}

      <p style=""margin: 15px 0; font-style: italic;"">
        Рыночная стоимость имущества: <strong>{{totalPurchasePrice}} руб.</strong> (<strong>{{totalPurchasePriceWords}} рублей 00 копеек</strong>)
      </p>

      <div class=""subpoint"">
        <strong>1.2.</strong> Имущество используется Клиентом по прямому назначению в соответствии с правилами эксплуатации.
      </div>

      <div class=""subpoint"">
        <strong>1.3.</strong> Исправность сдаваемого в прокат Имущества проверена Клиентом при получении.
      </div>

      <div class=""subpoint"">
        <strong>1.4.</strong> Клиент ознакомлен с правилами эксплуатации и хранения Имущества, правилами техники безопасности при работе с Имуществом.
      </div>

      <div class=""subpoint"">
        <strong>1.5.</strong> Пункт проката не несет ответственность за травмы и несчастные случаи, произошедшие с Клиентом. Пункт проката не несет ответственность за вред, причиненный третьим лицам и их имуществу с помощью Имущества Пункта проката. <strong>Клиент и все лица, использующие Имущество, несут полную ответственность за любые повреждения, травмы и убытки.</strong>
      </div>

      <div class=""subpoint"">
        <strong>1.6.</strong> Имущество передается Клиенту и возвращается в Пункт проката по адресу: г. Железногорск, Курская область, ул. Мира 6 А – Мастерская № 1.
      </div>
    </div>

    <!-- SECTION 2: PAYMENT -->
    <div class=""section"">
      <div class=""section-title"">2. ОПЛАТА ПРОКАТА И ОБЕСПЕЧИТЕЛЬНЫЙ ПЛАТЕЖ</div>

      <div class=""point"">
        <strong>2.1.</strong> За прокат Имущества Клиент уплачивает общую сумму в размере <strong>{{total_price}} руб.</strong> согласно прейскуранту.
      </div>

      <div class=""point"">
        <strong>2.2.</strong> Стоимость проката взимается при заключении настоящего Договора или в соответствии со счетом на основе действующего прейскуранта.
      </div>

      <div class=""point"">
        <strong>2.3.</strong> При продлении Договора Клиент производит доплату за дополнительное время использования Имущества.
      </div>

      <div class=""point"">
        <strong>2.4.</strong> Оплата производится наличными в кассу Пункта проката, либо безналичным перечислением на счет Пункта проката не позднее 3 (трех) рабочих дней с момента возврата Имущества.
      </div>

      <div class=""point"">
        <strong>2.5.</strong> При досрочном возврате Имущества без повреждений Пункт проката возвращает часть стоимости за неиспользованные дни, исчисляя ее со дня, следующего за днем фактического возврата <strong>(за вычетом платежа в размере не менее 20% от начисленной суммы в качестве административного сбора)</strong>.
      </div>

      <div class=""point"">
        <strong>2.6.</strong> В целях обеспечения обязательств Клиент вносит Обеспечительный платеж в размере <strong>{{security_deposit}} руб.</strong> (<strong>{{securityDepositWords}} рублей 00 копеек</strong>).
      </div>

      <div class=""subpoint"">
        <strong>2.7.</strong> Обеспечительный платеж не является задатком (ст. 380, 381 ГК РФ). Проценты на него не начисляются.
      </div>

      <div class=""subpoint"">
        <strong>2.8.</strong> При ненадлежащем исполнении обязательств Обеспечительный платеж признается компенсацией ущерба Пункта проката.
      </div>

      <div class=""subpoint"">
        <strong>2.9.</strong> Пункт проката вправе производить отчисления из суммы залога на покрытие ущерба, задолженности, неустойки и штрафных санкций (п. 5.1, 5.2, 4.2.4).
      </div>

      <div class=""subpoint"">
        <strong>2.10.</strong> Остаток Обеспечительного платежа возвращается Клиенту не позднее 3 рабочих дней с момента возврата и проверки Имущества в Пункт проката.
      </div>
    </div>

    <!-- SECTION 3: TERMS -->
    <div class=""section"">
      <div class=""section-title"">3. СРОКИ ИСПОЛНЕНИЯ ОБЯЗАТЕЛЬСТВ</div>

      <div class=""point"">
        <strong>3.1.</strong> Договор действует до полного исполнения обязательств. <strong>Крайний срок возврата: {{maxEndDateFormatted}}</strong>
      </div>

      <div class=""point"">
        <strong>3.2.</strong> Имущество должно быть передано Клиенту в течение 24 часов после подписания Договора, передачи документов и внесения залога.
      </div>

      <div class=""point"">
        <strong>3.3.</strong> При просрочке возврата начисляется <strong>штрафная неустойка 10% от рыночной стоимости Имущества за каждый полный день просрочки</strong>. При просрочке свыше 7 дней Пункт проката вправе потребовать полную стоимость Имущества и/или обратиться в суд.
      </div>
    </div>

    <!-- SECTION 4: OBLIGATIONS -->
    <div class=""section"">
      <div class=""section-title"">4. ОБЯЗАННОСТИ СТОРОН</div>

      <div class=""point"">
        <strong>4.1.</strong> Пункт проката обязан: в присутствии Клиента проверить исправность Имущества, наличие всех деталей и компонентов, и ознакомить Клиента с правилами эксплуатации и техники безопасности.
      </div>

      <div class=""point"" style=""text-indent: 30px;"">
        <strong>4.2. Клиент обязан:</strong>
      </div>

      <div class=""subpoint"">
        <strong>4.2.1.</strong> При обнаружении поломки немедленно известить Пункт проката и сдать Имущество в течение 12 часов для выяснения причин и диагностики.
      </div>

      <div class=""subpoint"">
        <strong>4.2.2.</strong> Эксплуатировать Имущество только согласно инструкциям и правилам; <strong>не допускать вскрытия, замены деталей, разборки или внесения модификаций без письменного согласия Пункта проката</strong>.
      </div>

      <div class=""subpoint"">
        <strong>4.2.3.</strong> Оплатить полную стоимость проката за все время использования Имущества, включая период диагностики, доставки и ремонта, до момента возврата.
      </div>

      <div class=""subpoint"">
        <strong>4.2.4.</strong> Если недостатки и повреждения явились следствием нарушения правил эксплуатации (п. 4.2.2), Клиент полностью оплачивает ремонт, детали, транспортировку и работы в соответствии с смета Пункта проката. <strong>Минимальный размер компенсации за повреждение составляет 25% от рыночной стоимости Имущества.</strong>
      </div>

      <div class=""subpoint"">
        <strong>4.2.5.</strong> Проходить профилактический осмотр Имущества каждые 5 календарных дней проката (в соответствии с требованиями производителя). <strong>Запрещено использовать собственную топливно-смазочную смесь</strong>; только топливо и масло, рекомендованные производителем. Заправка ведется только на АЗС и у официальных дилеров.
      </div>

      <div class=""subpoint"">
        <strong>4.2.6.</strong> Вернуть Имущество в чистом виде, без грязи, масла, ржавчины. В противном случае взимается плата за чистку и полировку в размере <strong>500–1500 руб.</strong> в зависимости от степени загрязнения.
      </div>

      <div class=""subpoint"">
        <strong>4.2.7.</strong> Хранить Имущество в сухом месте, защищенном от прямого воздействия осадков, солнца и экстремальных температур.
      </div>
    </div>

    <!-- SECTION 5: LIABILITY -->
    <div class=""section"">
      <div class=""section-title"">5. ОТВЕТСТВЕННОСТЬ СТОРОН И РИСК</div>

      <div class=""point"">
        <strong>5.1. НЕВОЗВРАТ В СРОК:</strong> В случае невозврата Имущества в установленный срок Арендатор уплачивает неустойку в размере <strong>суточной арендной платы за каждый полный день просрочки.</strong>. При просрочке более 10 дней Пункт проката вправе требовать полной компенсации стоимости Имущества и затрат на его поиск/восстановление.
      </div>

      <div class=""point"">
        <strong>5.2. НЕОПЛАТА СТОИМОСТИ ПРОКАТА:</strong> При неоплате взимается пеня в размере <strong>10% от стоимости Имущества за каждый день просрочки платежа</strong>, но не более 100% от суммы стоимости имущества.
      </div>

      <div class=""point"">
        <strong>5.3. ВСЕ РИСКИ:</strong> Все риски, связанные с потерей, кражей, порчей, повреждением, коррозией и любыми иными дефектами Имущества, принимает на себя Клиент с момента получения Имущества от Пункта проката. <strong>Клиент несет полную материальную ответственность перед Пункт проката и третьими лицами.</strong>
      </div>

      <div class=""subpoint"">
        <strong>5.4.</strong> Клиент подтверждает, что не лишен гражданской дееспособности, осознает и принимает все условия и риски, связанные с данным Договором.
      </div>

      <div class=""subpoint"">
        <strong>5.5.</strong> При нарушении условий Договора Пункт проката имеет право требовать компенсацию убытков в судебном порядке в соответствии с российским законодательством.
      </div>
    </div>

    <!-- SIGNATURES -->
    <div class=""signatures"" style=""margin-top: 60px; border-top: 1px solid #ccc; padding-top: 40px;"">
      <div class=""signature-block"">
        <div class=""signature-title"">КЛИЕНТ</div>
        <div class=""signature-info"">
          {{#if (eq client_type ""individual"")}}
            {{last_name}} {{first_name}} {{middle_name}}<br/>
            Паспорт: {{passport_series}} № {{passport_number}}<br/>
            Адрес: {{registration_address}}<br/>
            Телефон: {{phone}}
          {{else}}
            <strong>{{company_name}}</strong><br/>
            ИНН/КПП: {{inn}} / {{kpp}}<br/>
            ОГРН: {{ogrn}}<br/>
            Адрес: {{legal_address}}
          {{/if}}
        </div>
        <div class=""signature-line"">
          <div class=""signature-line-blank""></div>
          <span>/&nbsp;_______________</span>
        </div>
      </div>

      <div class=""signature-block"">
        <div class=""signature-title"">ПУНКТ ПРОКАТА</div>
        <div class=""signature-info"">
          Мастерская №1<br/>
          ИП Голубев М.А.<br/>
          ИНН: 463310485078<br/>
          ОГРНИП 318463200012946<br/>
          г. Железногорск, ул. Мира 6А<br/>
          Тел: +7(930)852-22-96
        </div>
        <div class=""signature-line"">
          <div class=""signature-line-blank""></div>
          <span>/&nbsp;М.А. Голубев</span>
        </div>
      </div>
    </div>

    <!-- ACT SECTION -->
    <div class=""act-section"">
      <div class=""act-title"">АКТ ПРИЕМА-ПЕРЕДАЧИ К ДОГОВОРУ № {{order_number}}</div>

      <div class=""point"">
        <strong>1.</strong> Пункт проката передал, а Клиент принял Имущество в исправном состоянии и полной комплектности:
      </div>

      <table class=""table"">
        <thead>
          <tr>
            <th style=""width: 5%;"">№</th>
            <th style=""width: 30%;"">Наименование</th>
            <th style=""width: 20%;"">Оценочная стоимость</th>
            <th style=""width: 22%;"">Инв. номер</th>
            <th style=""width: 23%;"">Заводской номер</th>
          </tr>
        </thead>
        <tbody>
          {{#each items}}
            <tr>
              <td class=""table-center"">{{this.index}}</td>
              <td>{{this.name}}</td>
             <td class=""table-right"">
        {{#if this.isCustom}}
          —
        {{else}}
          {{this.purchase_price}} р.
        {{/if}}
      </td>
              <td class=""table-center"">{{this.article}}</td>
              <td>{{this.serial_number}}</td>
            </tr>
          {{/each}}
        </tbody>
      </table>

      <div class=""point"">
        <strong>2.</strong> Имущество передано в исправности. Работоспособность проверена в присутствии Клиента.
      </div>

      <div class=""important-note"">
        <strong>⚠️ ВАЖНО:</strong> Клиент обязуется оплатить все повреждения якоря, статора, двигателя, редуктора и других основных компонентов при нарушении правил эксплуатации (п. 4.2.2). Размер компенсации за такие повреждения составляет <strong>50–100% от рыночной стоимости Имущества</strong> в зависимости от степени повреждения.
      </div>

      <div class=""signatures"" style=""margin-top: 50px;"">
        <div class=""signature-block"">
          <div class=""signature-title"">КЛИЕНТ</div>
          <div class=""signature-line"">
            <div class=""signature-line-blank""></div>
             <span>/&nbsp;{{clientShortName}}</span>
          </div>
        </div>

        <div class=""signature-block"">
          <div class=""signature-title"">ПУНКТ ПРОКАТА</div>
          <div class=""signature-line"">
            <div class=""signature-line-blank""></div>
            <span>/&nbsp;М.А. Голубев</span>
          </div>
        </div>
      </div>
    </div>
  </div>",2026-05-13 06:21:45.077335+00,eab0c5cb-80fc-499b-8497-7946cac6bc08