id,created_at,name,category,serial_number,daily_price,purchase_price,purchase_date,status,notes,updated_at,article,image_url,maintenance_interval_days,work_days_count,last_maintenance_date,user_id,total_work_days
414a09a2-dde8-40af-8ae0-aa0f1b5e7058,2026-02-07 08:29:19.688+00,Бензокоса Эхо 22,gas_tools,111111,1000,23000,1769385600000,available,,2026-06-18 07:48:48.9+00,Gt-01,/uploads/1781768927816_1dcr5o.webp,30,3,2026-05-02 05:26:55.881+00,eab0c5cb-80fc-499b-8497-7946cac6bc08,3
f4697577-90bf-4091-b3c7-5e7d98501a8b,2026-02-23 08:47:39.486+00,бензопила калибр 228,gas_tools,555555,500,12100,1769385600000,available,шляпа,2026-06-18 08:05:59.828+00,Gt-03,/uploads/1781769957683_owzx5.webp,30,14,null,eab0c5cb-80fc-499b-8497-7946cac6bc08,14
7006805b-2fb4-4b95-8b47-6e781cdb6d8f,2026-02-24 10:57:09.814+00,бензорез штиль,gas_tools," 111111",1500,40000,1769385600000,available,,2026-02-24 10:57:09.814+00,Gt-05,/uploads/1781689015254_3fzdq8.webp,30,7,null,eab0c5cb-80fc-499b-8497-7946cac6bc08,7
885c65b1-8839-408f-ab35-4e16a00754b1,2026-06-08 16:21:22.933+00,Генератор IBRAIT BR 2000I,gas_tools,без номера,1000,25000,1759968000000,available,2квт,2026-06-08 17:11:24.948+00,Gt-10,/uploads/1780938671424_1193b6.png,30,1,null,8c89f646-04f0-4fce-a9ad-ace4672cbffc,1
fe114973-2e40-447a-8804-74d02ac4bf4b,2026-02-09 07:15:10.015+00,Дрель Интерскол ду-850,electric_tools,444444,500,2500,1769472000000,rented,,2026-06-18 07:52:37.487+00,Et-02,/uploads/1781769156080_ncgb4.webp,30,9,2026-06-08 07:00:59.88+00,eab0c5cb-80fc-499b-8497-7946cac6bc08,29
181a5816-87f3-4eab-a24f-67f20dbe8732,2026-06-19 10:06:11.471+00,Электростанция бензиновая WERT G 3000,electric_tools,KM4323050100496,1000,15000,1765411200000,available,,2026-06-19 10:06:40.496+00,Et-08,/uploads/1781863597229_9cetx8.webp,30,6,null,8c89f646-04f0-4fce-a9ad-ace4672cbffc,6
b11bc852-37b9-4490-acff-3d69f6685b18,2026-03-07 09:31:39.615+00,Бензопила Чемпион 362,gas_tools,2003240808175,800,15000,1759795200000,available,,2026-07-16 13:54:28.711+00,Gt-01,/uploads/1772876069086_i8wss.jfif,30,2,null,8c89f646-04f0-4fce-a9ad-ace4672cbffc,2
c74215c7-f6ed-437e-8ed1-3b0b45dc23cb,2026-04-15 11:27:00.416+00,Бензотриммер ECHO SRM-22GES,gas_tools,30128315,1000,20000,1759449600000,available,,2026-04-15 11:30:59.555+00,Gt-08,/uploads/1776252651800_mbs1g.webp,30,0,null,8c89f646-04f0-4fce-a9ad-ace4672cbffc,0
32559c5c-3e5a-4e63-bba8-f09f8d35504a,2026-06-26 14:22:16.453+00,Вибротрамбовка Champion TR72,gas_tools,1803241202649,2500,80000,1782259200000,available,,2026-06-26 14:28:01.29+00,Gt-13,/uploads/1782484032863_fa1qk.webp,30,1,null,8c89f646-04f0-4fce-a9ad-ace4672cbffc,1
4b7f2d43-7bf3-481a-a9c8-161bb4deb0b1,2026-07-26 09:36:02.768+00,УШМ 230/2100М,electric_tools,стёрт,700,10000,1759968000000,available,,2026-07-26 09:36:40.689+00,Et-12,/uploads/1785058577654_c84tce.webp,30,1,null,8c89f646-04f0-4fce-a9ad-ace4672cbffc,1
3bedd485-d825-4d4c-8539-b1b1fbef950d,2026-02-24 09:06:40.386+00,бензокоса штиль fs22,gas_tools,555555,1000,28000,1769385600000,rented,,2026-06-18 07:47:59.068+00,Gt-04,/uploads/1781768877426_8m5ok.webp,30,2,2026-05-31 08:28:30.81+00,eab0c5cb-80fc-499b-8497-7946cac6bc08,16
21b5d93b-8f76-4190-95de-8e55d77b5e22,2026-03-06 13:07:04.38+00,Бензокоса Эхо 337,gas_tools,12354654,1000,0,null,available,null,2026-03-06 13:07:04.38+00,Gt-06,null,30,11,null,eab0c5cb-80fc-499b-8497-7946cac6bc08,11
325dc8c0-6bb1-44f2-addc-7b7b4aa7dfa0,2026-06-20 07:13:11.254+00,Бензиновый отбойный молоток TSS - GJH95,gas_tools,Y2412150415,2000,40000,1778112000000,available,null,2026-06-20 07:13:11.254+00,Gt-12,/uploads/1781939604085_0ily65.webp,30,3,null,8c89f646-04f0-4fce-a9ad-ace4672cbffc,3
9109aca1-4bf0-474b-a561-0603dcd598c6,2026-05-04 09:49:10.15+00,Перфоратор Интерскол П-38/1200ЭВ SDS max 7Дж.,electric_tools,735.002581,800,15000,1777507200000,available,"Профессиональный двухрежимный перфоратор с виброзащитой ИНТЕРСКОЛ П-38/1200ЭВ

два режима - перфоратор может выполнять бурение (сверление с ударом) и отбойные работы;
режим фиксации зубила в установленном положении Vario-Lock;
вертикальное расположение двигателя разгружает двигатель от вибрационной нагрузки;
кривошипно-шатунный механизм обеспечивает высокую энергию удара;
эффективная виброгасящая система;
электронная регулировка оборотов позволяет выбрать оптимальную мощность для работы бурами малого диаметра или осуществить аккуратное забуривание;
предохранительная муфта;
механизм быстрой замены щеток;
четырехметровый шнур питания в резиновой изоляции;",2026-05-04 09:54:53.255+00,Et-03,/uploads/1777888298076_2ctq5.webp,30,0,null,8c89f646-04f0-4fce-a9ad-ace4672cbffc,0
b535b59e-1c81-4497-9959-355dfb4f5c01,2026-06-09 06:31:07.89+00,УШМ-125/700 Интерскол,electric_tools,529.144478,500,7000,1725494400000,available,,2026-06-09 06:34:01.269+00,Et-06,/uploads/1780986838562_1yjzel.webp,30,1,null,8c89f646-04f0-4fce-a9ad-ace4672cbffc,1
bf514472-eae7-4676-b9ed-4576e174ee3a,2026-07-14 13:53:38.804+00,Красный маяк 35 Вибратор для бетона,electric_tools,00720126,800,10000,1783641600000,available,"Диаметр 35  
1200 ВТ
масса 1.8 кг",2026-07-14 13:55:55.714+00,Et-09,/uploads/1784037351153_k79aqm.webp,30,1,null,8c89f646-04f0-4fce-a9ad-ace4672cbffc,1
58dc8afe-eb5b-4955-98db-88e5485e57f2,2026-07-30 14:17:06.923+00,Перфоратор Makita HR2470,electric_tools,4498752,750,15000,1754611200000,available,null,2026-07-30 14:17:06.923+00,Et-13,/uploads/1785421042535_834keg.webp,30,0,null,8c89f646-04f0-4fce-a9ad-ace4672cbffc,0
a9d61440-474b-47cb-869d-cc8c3a6fd85d,2026-03-30 14:36:29.08+00,Мотобур CHAMPION AG252,gas_tools,2202250430259,1500,25000,1774656000000,rented,,2026-07-22 12:58:51.309+00,Gt-06,/uploads/1774881411574_hmhfc.webp,30,11,null,8c89f646-04f0-4fce-a9ad-ace4672cbffc,11
54c5c34d-6c86-4cab-b53d-adc247523f02,2026-05-06 08:49:58.11+00,"Виброплита CHAMPION PC9045F ",gas_tools,1804250207088,1800,60000,1777852800000,rented,Виброплита 90 КГ мощность 15,2026-06-30 06:45:38.865+00,Gt-09,/uploads/1778057524292_91kksk.webp,30,7,2026-06-09 13:26:28.559+00,8c89f646-04f0-4fce-a9ad-ace4672cbffc,18
2ed283c4-e5b5-43e2-a407-9f078bae20b5,2026-03-24 11:27:51.193+00,Бензопила VILLARTEC SB 401,gas_tools,без серийного номера,800,14000,1746662400000,available,,2026-07-16 13:55:14.607+00,Gt-04,/uploads/1774351990396_sa4rzm.webp,30,2,null,8c89f646-04f0-4fce-a9ad-ace4672cbffc,2
9d18af4e-816d-4c86-a0d9-48df089b4cdd,2026-02-16 05:45:26.952+00,Перфоратор Макита 2450,electric_tools,555555,500,17000,1769385600000,available,Норм перф.,2026-06-18 07:53:59.381+00,Et-03,/uploads/1781769238204_bw15t.webp,30,7,2026-03-10 07:55:35.454+00,eab0c5cb-80fc-499b-8497-7946cac6bc08,39
d2430a3d-466b-41de-b76f-1f3e0ee63db9,2026-06-11 06:45:36.392+00,Виброплита CHAMPION PC6337F,gas_tools,0306250100455,1500,50000,1780876800000,available,,2026-06-11 06:46:02.134+00,Gt-11,/uploads/1781160358239_byf2r.png,30,8,null,8c89f646-04f0-4fce-a9ad-ace4672cbffc,8
e173815a-4d50-4078-8378-a26d4be4d422,2026-05-07 12:44:37.421+00,Инверторный генератор Senda SD2200,electric_tools,250516846,1000,25000,1761868800000,available,null,2026-05-07 12:44:37.421+00,Et-04,/uploads/1778158264840_ezjlid.webp,30,5,null,8c89f646-04f0-4fce-a9ad-ace4672cbffc,5
edebdb9a-255d-42dd-ab59-43175bfab221,2026-04-01 07:28:00.954+00,Мотобур CHAMPION AG364,gas_tools,0119250400976,1700,25000,1774656000000,available,,2026-07-07 10:14:23.172+00,Gt-07,/uploads/1775112098482_l01w0p.webp,30,5,null,8c89f646-04f0-4fce-a9ad-ace4672cbffc,5
d7adf447-9b4d-4faa-bb2e-3c9e9483d8f6,2026-07-14 14:09:42.659+00,Красный Маяк ЭПК - 1300 У2 вибратор для бетона,electric_tools,ТУ 4833-009-00239942-2012,1500,30000,1782864000000,available,Диаметр булавы 51 длинна вала 3м мощьность - 1.3квт,2026-07-14 14:13:33.325+00,Et-10,/uploads/1784038198209_ol98dk.webp,30,0,null,8c89f646-04f0-4fce-a9ad-ace4672cbffc,0
a48e2f7d-fa7a-4ab2-9b74-d6e5743e78a1,2026-03-24 11:07:33.326+00,Бензопила Champion 125T,gas_tools,060240702142,800,10000,1761350400000,available,,2026-07-16 13:54:13.619+00,Gt-03,/uploads/1774350906988_go0stj.webp,30,2,null,8c89f646-04f0-4fce-a9ad-ace4672cbffc,2
a9454878-21bf-4bb3-9ef0-3d6d3ec73463,2026-05-04 05:58:06.825+00,УШМ Metabo W2000-230,electric_tools,1070732430,700,15000,1754524800000,available,,2026-07-26 09:34:14.027+00,Et-01,/uploads/1777876568385_f80go.webp,30,0,null,8c89f646-04f0-4fce-a9ad-ace4672cbffc,0
305c251d-ebb3-4055-8be3-d74b8a5f9f71,2026-05-04 09:09:48.179+00,"Отбойный молоток Ресанта ом-1600М, 1600Вт, 25Дж",electric_tools,DES038230N02009241100453,1000,15000,1777334400000,available,"💪 Преимуществa:
✔️ Mощнoсть: 1600 Вт
✔️ Энeргия удара: 25 Дж
✔️ Чacтoта удаpoв: 4100 уд/мин
✔️ Патpoн SDS-МAX
✔️ Антивибрaционная системa",2026-05-04 09:09:48.179+00,Et-02,/uploads/1777885801050_hoi8l.webp,30,4,null,8c89f646-04f0-4fce-a9ad-ace4672cbffc,4
e9be6ddc-92f2-4610-9448-8f6682f3195d,2026-03-07 09:40:31.722+00,Бензотриммер Чемпион Т528S-2,gas_tools,3903250306999,800,11000,1762473600000,available,,2026-07-16 13:55:59.353+00,Gt-02,/uploads/1772876506116_ieewyh.jpg,30,4,null,8c89f646-04f0-4fce-a9ad-ace4672cbffc,4
193f9fb5-2f1c-4543-91c8-a7ef7754a9fe,2026-07-17 10:39:19.239+00,Штроборез ЗШ-П30-1400 ПСТ 1400ВТ,electric_tools,1519307283-0325,800,12000,1784160000000,available,"Глубина штробы - 0-30
ширина штробы 3-30",2026-07-17 10:39:34.85+00,Et-11,/uploads/1784284771434_eniumg.webp,30,0,null,8c89f646-04f0-4fce-a9ad-ace4672cbffc,0
95d82151-a594-4190-a675-6dfaa2473952,2026-05-12 15:08:41.625+00,"Отбойный молоток Ресанта ОМ-1800Э ",electric_tools,DES038230N01008241101085,1500,25000,1778457600000,available,70 Джоулей,2026-05-13 05:27:43.755+00,Et-05,/uploads/1778598583082_d35dp9.webp,30,6,null,8c89f646-04f0-4fce-a9ad-ace4672cbffc,6
366f83b2-8970-42ec-a88f-2e0de566b708,2026-02-08 06:00:43.621+00,"Бензопила Штиль 180 ",electric_tools,222222,1000,31000,1769385600000,available,Hello,2026-06-18 07:51:15.962+00,Et-01,/uploads/1781769074260_yzddjc.webp,30,9,2026-02-15 11:48:37.293+00,eab0c5cb-80fc-499b-8497-7946cac6bc08,9
7e24ef6a-23e6-4a9c-9938-51a24cd78327,2026-02-09 10:07:02.444+00,Бензобур Tss,gas_tools,333333,1500,35000,1769472000000,rented,test 2,2026-06-18 07:46:52.913+00,Gt-02,/uploads/1781768808503_0dz3gq.webp,30,1,2026-05-31 08:20:59.302+00,eab0c5cb-80fc-499b-8497-7946cac6bc08,23
05a475b3-80cb-4a78-ad8a-7b6cb1227858,2026-06-19 09:51:15.325+00,Строительный пылесос Bort BSS-1630-STORM,electric_tools,ZZE000011542-25003-01647/2025,800,15000,1778716800000,available,,2026-06-19 09:52:53.379+00,Et-07,/uploads/1781862771277_txkwdr.webp,30,0,null,8c89f646-04f0-4fce-a9ad-ace4672cbffc,0