id,order_id,inventory_id,price_at_time,start_date,end_date,user_id,item_status,actual_return_date,is_custom,custom_name,total_price
336f3d70-8050-4826-8843-4dbaf706ed3f,a24e739e-3143-4059-9156-cdd8f0b866e7,414a09a2-dde8-40af-8ae0-aa0f1b5e7058,1000,2026-02-07,2026-02-08,eab0c5cb-80fc-499b-8497-7946cac6bc08,active,null,false,null,null
efd09a2a-5a05-47a8-96c2-e9700ec1a546,27e93e47-9d68-498c-ac3e-03b173925a21,414a09a2-dde8-40af-8ae0-aa0f1b5e7058,1000,2026-02-07,2026-02-08,eab0c5cb-80fc-499b-8497-7946cac6bc08,active,null,false,null,null
3a9a4a56-6060-4b7e-a3dc-72e766676c51,4e8c74b7-5d84-4421-8f1b-347a0b40612d,414a09a2-dde8-40af-8ae0-aa0f1b5e7058,1000,2026-02-07,2026-02-08,eab0c5cb-80fc-499b-8497-7946cac6bc08,active,null,false,null,null
fe81aff5-15ff-49a8-a334-4f486a7239de,21837284-2137-4dba-9e16-0d0cbaea1dc8,414a09a2-dde8-40af-8ae0-aa0f1b5e7058,1000,2026-02-07,2026-02-08,eab0c5cb-80fc-499b-8497-7946cac6bc08,active,null,false,null,null
7d90731f-0c92-4043-ab2c-005d1538aceb,101ed150-bf08-4533-a1de-51b363543389,414a09a2-dde8-40af-8ae0-aa0f1b5e7058,1000,2026-02-07,2026-02-08,eab0c5cb-80fc-499b-8497-7946cac6bc08,active,null,false,null,null
3b6613ac-68ae-499b-9064-fb67717a24cf,7d897eba-485e-4ca9-9263-0688ceef62c7,414a09a2-dde8-40af-8ae0-aa0f1b5e7058,1000,2026-02-07,2026-02-08,eab0c5cb-80fc-499b-8497-7946cac6bc08,active,null,false,null,null
1d1443f7-ec6f-469c-81e7-6bb6047ef241,2e2b9da2-6dff-443b-87b9-b8397b5eb7c2,414a09a2-dde8-40af-8ae0-aa0f1b5e7058,1000,2026-02-07,2026-02-08,eab0c5cb-80fc-499b-8497-7946cac6bc08,active,null,false,null,null
fa0a32fe-e604-4b81-b02e-64442d02e86b,e229f06f-8ae0-40b5-a7a2-b2c6b4ac882f,414a09a2-dde8-40af-8ae0-aa0f1b5e7058,1000,2026-02-07,2026-02-08,eab0c5cb-80fc-499b-8497-7946cac6bc08,active,null,false,null,null
b1dc4e99-f024-4bed-91de-2789d7d588cf,cb1dbd8d-7cab-4c78-8603-3970fa82ad75,414a09a2-dde8-40af-8ae0-aa0f1b5e7058,1000,2026-02-07,2026-02-08,eab0c5cb-80fc-499b-8497-7946cac6bc08,active,null,false,null,null
001f4c38-e5a6-49d3-a1af-c01c53a19f74,b17eb417-6f65-4b1e-9e82-cecb387f5a5b,414a09a2-dde8-40af-8ae0-aa0f1b5e7058,1000,2026-02-07,2026-02-08,eab0c5cb-80fc-499b-8497-7946cac6bc08,active,null,false,null,null
016b74fa-2741-4137-8f38-a39ed60fb24d,3a8b47e1-8807-4b40-8de5-635554717c4c,414a09a2-dde8-40af-8ae0-aa0f1b5e7058,1000,2026-02-07,2026-02-08,eab0c5cb-80fc-499b-8497-7946cac6bc08,active,null,false,null,null
be781ed4-1e4c-4086-a8df-f4596c5ed4e9,81bbfcad-79e6-46be-907d-8d533984acab,414a09a2-dde8-40af-8ae0-aa0f1b5e7058,1000,2026-02-07,2026-02-08,eab0c5cb-80fc-499b-8497-7946cac6bc08,active,null,false,null,null
c20a4b45-698f-4d15-b24f-4fbc2d5905be,abd39614-40a6-40e6-b964-421fea322b32,366f83b2-8970-42ec-a88f-2e0de566b708,1000,2026-02-08,2026-02-09,eab0c5cb-80fc-499b-8497-7946cac6bc08,active,null,false,null,null
a83bee45-277c-4bf5-96b4-1d6ecaa07489,791fe410-63ea-4d36-84ed-52cdea0839b4,7e24ef6a-23e6-4a9c-9938-51a24cd78327,1500,2026-02-13,2026-02-15,eab0c5cb-80fc-499b-8497-7946cac6bc08,active,null,false,null,null
fd62c987-06a0-4b1c-8875-dbde374852fc,791fe410-63ea-4d36-84ed-52cdea0839b4,414a09a2-dde8-40af-8ae0-aa0f1b5e7058,1000,2026-02-13,2026-02-14,eab0c5cb-80fc-499b-8497-7946cac6bc08,active,null,false,null,null
4c3fd565-7713-49ca-b8be-b4500a71dfab,227bd3a6-7ded-4b4b-a4e8-82376a73eb40,fe114973-2e40-447a-8804-74d02ac4bf4b,500,2026-02-15,2026-02-16,eab0c5cb-80fc-499b-8497-7946cac6bc08,active,null,false,null,null
b9e1be53-b30c-43ac-919e-dd918b76fced,eff002fe-39f3-4f2f-9272-872494594699,7e24ef6a-23e6-4a9c-9938-51a24cd78327,1500,2026-02-15,2026-02-16,eab0c5cb-80fc-499b-8497-7946cac6bc08,active,null,false,null,null
8cf604ae-4390-4344-9500-e3ca23d3bd14,a092ae2d-dc6a-401b-a449-d38b80aec414,7e24ef6a-23e6-4a9c-9938-51a24cd78327,1500,2026-02-15,2026-02-16,eab0c5cb-80fc-499b-8497-7946cac6bc08,active,null,false,null,null
b76f287c-09bf-4661-981f-f9f8da8509c8,cdc7559d-961b-49fe-8f32-43ad335e56b2,7e24ef6a-23e6-4a9c-9938-51a24cd78327,1500,2026-02-15,2026-02-16,eab0c5cb-80fc-499b-8497-7946cac6bc08,active,null,false,null,null
5e78ce28-62d3-4203-825a-371aa8eb5c39,ef790002-792d-46f1-b8b7-733b3c8b6f56,fe114973-2e40-447a-8804-74d02ac4bf4b,500,2026-02-16,2026-02-18,eab0c5cb-80fc-499b-8497-7946cac6bc08,active,null,false,null,null
96f0ff03-6dd7-493c-a227-0a60838d385a,c70ce18d-6ad4-49f1-9bac-357e74f80a88,414a09a2-dde8-40af-8ae0-aa0f1b5e7058,1000,2026-02-16,2026-02-17,eab0c5cb-80fc-499b-8497-7946cac6bc08,active,null,false,null,null
3b540756-70ae-4806-b8a0-5abfe932fd56,80ac9663-c075-402b-b747-e34f241b8558,414a09a2-dde8-40af-8ae0-aa0f1b5e7058,1000,2026-02-18,2026-02-19,eab0c5cb-80fc-499b-8497-7946cac6bc08,active,null,false,null,null
13fe01d0-bdf3-4d0e-85af-402a96d0c0f8,80ac9663-c075-402b-b747-e34f241b8558,9d18af4e-816d-4c86-a0d9-48df089b4cdd,500,2026-02-18,2026-02-19,eab0c5cb-80fc-499b-8497-7946cac6bc08,active,null,false,null,null
a4a8ff29-bb63-41fb-99e7-749400a0e595,d4634d5d-b990-43ce-8a7e-374f786ee7c2,414a09a2-dde8-40af-8ae0-aa0f1b5e7058,1000,2026-02-18,2026-02-20,eab0c5cb-80fc-499b-8497-7946cac6bc08,active,null,false,null,null
d107fac7-1b85-49eb-afca-b49da8d75e52,b8f45e2d-4935-4338-b158-101a8ff1b7ce,fe114973-2e40-447a-8804-74d02ac4bf4b,500,2026-02-18,2026-02-19,eab0c5cb-80fc-499b-8497-7946cac6bc08,active,null,false,null,null
35adc974-7545-408f-b147-ac08403ad2e3,b8f45e2d-4935-4338-b158-101a8ff1b7ce,9d18af4e-816d-4c86-a0d9-48df089b4cdd,500,2026-02-18,2026-02-20,eab0c5cb-80fc-499b-8497-7946cac6bc08,active,null,false,null,null
c40aceb3-b065-4ba1-95e1-4f1d346d3ef9,d450719d-8b79-4e23-92c4-b9825534c52c,fe114973-2e40-447a-8804-74d02ac4bf4b,500,2026-02-18,2026-02-20,eab0c5cb-80fc-499b-8497-7946cac6bc08,active,null,false,null,null
3032b7ed-41f4-4833-b027-d5ae769fbce3,e8d13c67-2ba2-4d36-9578-1efa45d0c56f,fe114973-2e40-447a-8804-74d02ac4bf4b,500,2026-02-18,2026-02-19,eab0c5cb-80fc-499b-8497-7946cac6bc08,active,null,false,null,null
376c022d-50d0-4d25-bced-d1e715b3b867,2ac495eb-e2db-452f-a165-d65f91edd0c3,fe114973-2e40-447a-8804-74d02ac4bf4b,500,2026-02-18,2026-02-20,eab0c5cb-80fc-499b-8497-7946cac6bc08,active,null,false,null,null
5cc7f408-f927-4b5a-8d26-38457c1dd115,2ac495eb-e2db-452f-a165-d65f91edd0c3,9d18af4e-816d-4c86-a0d9-48df089b4cdd,500,2026-02-18,2026-02-19,eab0c5cb-80fc-499b-8497-7946cac6bc08,active,null,false,null,null
7ec6d91c-e64d-4b28-8efd-adb12f2e6027,64595e52-41fc-4915-be84-36adc5d343f3,fe114973-2e40-447a-8804-74d02ac4bf4b,500,2026-02-18,2026-02-19,eab0c5cb-80fc-499b-8497-7946cac6bc08,active,null,false,null,null
448d7f49-8fef-4a82-bdfe-da04ba36a974,64595e52-41fc-4915-be84-36adc5d343f3,9d18af4e-816d-4c86-a0d9-48df089b4cdd,500,2026-02-18,2026-02-20,eab0c5cb-80fc-499b-8497-7946cac6bc08,active,null,false,null,null
e8cebd6d-d03d-48fb-82f0-501f83c164e3,6e6620c1-9322-477f-a985-8848ddf20de8,fe114973-2e40-447a-8804-74d02ac4bf4b,500,2026-02-18,2026-02-20,eab0c5cb-80fc-499b-8497-7946cac6bc08,active,null,false,null,null
ec549315-acf3-4e46-8b5f-457c82d58eb2,6e6620c1-9322-477f-a985-8848ddf20de8,9d18af4e-816d-4c86-a0d9-48df089b4cdd,500,2026-02-18,2026-02-19,eab0c5cb-80fc-499b-8497-7946cac6bc08,active,null,false,null,null
19038d01-5022-4cd1-b807-f2db5df07586,e57c5bf3-9a2e-406b-b8b3-d882fc8bf8e8,414a09a2-dde8-40af-8ae0-aa0f1b5e7058,1000,2026-02-19,2026-02-20,eab0c5cb-80fc-499b-8497-7946cac6bc08,active,null,false,null,null
ac7f0b8d-6340-44ad-b3ac-5af41b874608,352b5908-ec11-4821-b5c3-e171a344d4ea,fe114973-2e40-447a-8804-74d02ac4bf4b,500,2026-02-20,2026-02-21,eab0c5cb-80fc-499b-8497-7946cac6bc08,active,null,false,null,null
a1e656e5-6843-4057-bb98-2cd33ed4fa69,91db1e29-68f6-4fe0-adeb-67b8ecc1d8c6,414a09a2-dde8-40af-8ae0-aa0f1b5e7058,1000,2026-02-20,2026-02-21,eab0c5cb-80fc-499b-8497-7946cac6bc08,active,null,false,null,null
9bd4ae97-17e3-44d2-8d49-4fd69608ba0a,81cb4400-3923-4e3c-ab95-8802d4d17571,414a09a2-dde8-40af-8ae0-aa0f1b5e7058,1000,2026-02-22,2026-02-23,eab0c5cb-80fc-499b-8497-7946cac6bc08,active,null,false,null,null
de4e4c89-3181-449b-b55b-a9136f715b2f,03592dc0-4718-46ba-be65-7b4c3c42115a,fe114973-2e40-447a-8804-74d02ac4bf4b,500,2026-02-22,2026-02-23,eab0c5cb-80fc-499b-8497-7946cac6bc08,active,null,false,null,null
ac088b8e-20c1-49ff-9828-392389b77880,d702b101-b82d-40b0-abc1-19f8f4cdd1a6,9d18af4e-816d-4c86-a0d9-48df089b4cdd,500,2026-02-22,2026-02-23,eab0c5cb-80fc-499b-8497-7946cac6bc08,active,null,false,null,null
fdc7233c-92e4-4736-8450-f4e438564eaa,4390c384-bacc-456a-a791-2bb59af95a71,9d18af4e-816d-4c86-a0d9-48df089b4cdd,500,2026-02-22,2026-02-23,eab0c5cb-80fc-499b-8497-7946cac6bc08,active,null,false,null,null
f3b46c5c-150a-43ec-ad45-93213908c86d,06fdc0a0-87e5-4dca-a9f2-737716aff448,fe114973-2e40-447a-8804-74d02ac4bf4b,500,2026-02-22,2026-02-23,eab0c5cb-80fc-499b-8497-7946cac6bc08,active,null,false,null,null
fffc8063-a850-497d-87ea-231f92e7ad88,06fdc0a0-87e5-4dca-a9f2-737716aff448,9d18af4e-816d-4c86-a0d9-48df089b4cdd,500,2026-02-22,2026-02-24,eab0c5cb-80fc-499b-8497-7946cac6bc08,active,null,false,null,null
47766e32-b9c6-40cf-b3a5-f40c16d18ade,79815fa7-0d02-4d54-a285-4299ca407a90,fe114973-2e40-447a-8804-74d02ac4bf4b,500,2026-02-22,2026-02-23,eab0c5cb-80fc-499b-8497-7946cac6bc08,active,null,false,null,null
91a1133b-c408-49df-8c86-edf5213f2a55,2169abd2-3e5b-4e03-8299-7a70349dab4e,9d18af4e-816d-4c86-a0d9-48df089b4cdd,500,2026-02-22,2026-02-23,eab0c5cb-80fc-499b-8497-7946cac6bc08,active,null,false,null,null
0a3660d8-7e7a-43e4-ac10-339445b74175,7d0ffdd9-9100-4c6d-8ced-3c7224231261,9d18af4e-816d-4c86-a0d9-48df089b4cdd,500,2026-02-22,2026-02-23,eab0c5cb-80fc-499b-8497-7946cac6bc08,active,null,false,null,null
93550010-68b8-4abe-80dd-20ebe0999947,d0b45736-fd1a-47a0-a71c-caca24f4fff5,3bedd485-d825-4d4c-8539-b1b1fbef950d,1000,2026-02-28,2026-03-03,eab0c5cb-80fc-499b-8497-7946cac6bc08,active,null,false,null,null
42d04f18-83c2-414d-a15f-a9560b191d7c,b3bf2fb2-1f55-4627-8495-75d3dcde69f7,7e24ef6a-23e6-4a9c-9938-51a24cd78327,1500,2026-03-04,2026-03-05,eab0c5cb-80fc-499b-8497-7946cac6bc08,active,null,false,null,null
d1be16b4-c432-4d63-9302-f91a0388e946,54cf0519-f527-4fc2-99bc-aa909a2d0a6b,3bedd485-d825-4d4c-8539-b1b1fbef950d,1000,2026-03-04,2026-03-05,eab0c5cb-80fc-499b-8497-7946cac6bc08,active,null,false,null,null
495a01cd-c7b4-4fdd-a1c3-d0ecb3eaa72d,556b5a02-25a7-46f3-a228-d7f677f27e09,f4697577-90bf-4091-b3c7-5e7d98501a8b,500,2026-03-04,2026-03-05,eab0c5cb-80fc-499b-8497-7946cac6bc08,active,null,false,null,null
abfa4da2-3708-4b9d-aa15-265a76a5bdd8,6c5eb8f5-c149-4257-9942-bf470157f464,7006805b-2fb4-4b95-8b47-6e781cdb6d8f,1500,2026-03-06,2026-03-07,eab0c5cb-80fc-499b-8497-7946cac6bc08,active,null,false,null,null
f5d49e1a-106c-4cd9-8d9e-65af014a643e,2bdce827-13d8-4220-bcf3-49bf96446833,9d18af4e-816d-4c86-a0d9-48df089b4cdd,500,2026-03-06,2026-03-07,eab0c5cb-80fc-499b-8497-7946cac6bc08,active,null,false,null,null
f773795a-673d-4f47-872a-83cd0b70dbb5,de35922d-81db-4eb4-9100-27e68f187bc1,366f83b2-8970-42ec-a88f-2e0de566b708,1000,2026-03-06,2026-03-08,eab0c5cb-80fc-499b-8497-7946cac6bc08,returned,2026-03-09 06:52:55.731+00,false,null,null
c7d94789-9e4e-4c38-90d2-5d67b2bb2d73,de35922d-81db-4eb4-9100-27e68f187bc1,f4697577-90bf-4091-b3c7-5e7d98501a8b,500,2026-03-06,2026-03-09,eab0c5cb-80fc-499b-8497-7946cac6bc08,returned,2026-03-09 06:55:35.268+00,false,null,null
39c25055-c4c0-4cb0-91c1-482e1894821a,de35922d-81db-4eb4-9100-27e68f187bc1,7e24ef6a-23e6-4a9c-9938-51a24cd78327,1500,2026-03-06,2026-03-07,eab0c5cb-80fc-499b-8497-7946cac6bc08,returned,2026-03-09 06:56:03.719+00,false,null,null
612b0574-e5af-4b47-b6de-a1443a3ae9bb,0ef9ec51-8a8f-4578-8c12-e73b84b226ee,21b5d93b-8f76-4190-95de-8e55d77b5e22,1000,2026-03-06,2026-03-07,eab0c5cb-80fc-499b-8497-7946cac6bc08,returned,2026-03-09 06:56:41.779+00,false,null,null
993ec3a9-e756-458f-b7a0-764d3775514b,15e21f17-05d9-4fde-ab3f-a709500555fd,fe114973-2e40-447a-8804-74d02ac4bf4b,500,2026-03-05,2026-03-08,eab0c5cb-80fc-499b-8497-7946cac6bc08,returned,2026-03-09 06:59:04.913+00,false,null,null
3c5d4052-61f2-429c-a7b6-74ceb454f7f5,2f1473ea-3c55-41b2-9316-83ff8e13fbb6,7e24ef6a-23e6-4a9c-9938-51a24cd78327,1500,2026-03-09,2026-03-10,eab0c5cb-80fc-499b-8497-7946cac6bc08,returned,2026-03-09 07:01:41.816+00,false,null,null
e6b01c96-dbbd-459f-b106-422d85060c68,75d04a32-ff12-407a-83be-a66a496decdc,3bedd485-d825-4d4c-8539-b1b1fbef950d,1000,2026-03-09,2026-03-10,eab0c5cb-80fc-499b-8497-7946cac6bc08,active,null,false,null,null
b01ba022-0fc5-4a00-a7ea-741f17180207,d3a90b45-922c-4b26-afd0-16eaf13d8583,7e24ef6a-23e6-4a9c-9938-51a24cd78327,1500,2026-03-09,2026-03-10,eab0c5cb-80fc-499b-8497-7946cac6bc08,returned,2026-03-09 07:54:11.678+00,false,null,null
18689519-bafa-41d1-ad29-8efcc0451200,2aedc2ef-c2fb-4805-b014-ca6d578d165c,7e24ef6a-23e6-4a9c-9938-51a24cd78327,1500,2026-03-09,2026-03-10,eab0c5cb-80fc-499b-8497-7946cac6bc08,active,null,false,null,null
ca1bc9e2-790f-443d-b6a3-db216f1abe80,2e26492e-8fa3-4a4b-ae89-8fa1ac358923,3bedd485-d825-4d4c-8539-b1b1fbef950d,1000,2026-03-09,2026-03-10,eab0c5cb-80fc-499b-8497-7946cac6bc08,active,null,false,null,null
ee4438bd-09a8-4b52-8db4-27cd93e89cf9,52f07390-7d4f-4d88-a800-2132410d67b7,21b5d93b-8f76-4190-95de-8e55d77b5e22,1000,2026-03-09,2026-03-10,eab0c5cb-80fc-499b-8497-7946cac6bc08,active,null,false,null,null
c2aa3e63-841f-4650-84e8-031ff7ea0c5b,29c8e73a-f3f4-49a0-8633-8d50d7047ea4,f4697577-90bf-4091-b3c7-5e7d98501a8b,500,2026-03-09,2026-03-10,eab0c5cb-80fc-499b-8497-7946cac6bc08,active,null,false,null,null
a0666e96-e591-48ca-9c69-d0bab7b10cc7,2ec959cc-544c-4368-9b8c-023318149bf8,7e24ef6a-23e6-4a9c-9938-51a24cd78327,1500,2026-03-09,2026-03-10,eab0c5cb-80fc-499b-8497-7946cac6bc08,rented,null,false,null,null
31f6ff6c-7266-4cf7-abf4-f2ad8ab77ed7,e463a43d-05ce-4979-bbc9-0c58981fa599,21b5d93b-8f76-4190-95de-8e55d77b5e22,1000,2026-03-09,2026-03-10,eab0c5cb-80fc-499b-8497-7946cac6bc08,active,null,false,null,null
193d8b9c-2601-49e2-84d9-97d33a49ce81,1ece84f0-1242-4a80-bb1a-a69cb290bf23,7e24ef6a-23e6-4a9c-9938-51a24cd78327,1500,2026-03-09,2026-03-10,eab0c5cb-80fc-499b-8497-7946cac6bc08,returned,2026-03-09 08:04:08.143+00,false,null,null
6cf99e61-4b46-4e23-aeaa-141fa28690e2,ca613071-7944-457e-aba2-9787f5337ba9,7e24ef6a-23e6-4a9c-9938-51a24cd78327,1500,2026-03-09,2026-03-10,eab0c5cb-80fc-499b-8497-7946cac6bc08,active,null,false,null,null
75d38280-26b7-4d2f-a261-c707cb1a9af1,6ac25eac-56b3-4e7e-996f-f1b092672c5b,7e24ef6a-23e6-4a9c-9938-51a24cd78327,1500,2026-03-09,2026-03-10,eab0c5cb-80fc-499b-8497-7946cac6bc08,active,null,false,null,null
4d8e1856-659a-4b9e-a902-4cabf7cf5e71,6ac25eac-56b3-4e7e-996f-f1b092672c5b,21b5d93b-8f76-4190-95de-8e55d77b5e22,1000,2026-03-09,2026-03-10,eab0c5cb-80fc-499b-8497-7946cac6bc08,returned,2026-03-09 08:26:40.235+00,false,null,null
55a9fe68-6030-4f7a-80ac-cb45b113a703,fbe22d68-5a5b-4d5e-b479-ecf66e4cdf43,7e24ef6a-23e6-4a9c-9938-51a24cd78327,1500,2026-03-09,2026-03-10,eab0c5cb-80fc-499b-8497-7946cac6bc08,active,null,false,null,null
a7d72e12-fb4a-4f68-9e92-323b1b78d94f,6eefe584-4c3e-4714-86c9-8dbb2413387f,7e24ef6a-23e6-4a9c-9938-51a24cd78327,1500,2026-03-09,2026-03-10,eab0c5cb-80fc-499b-8497-7946cac6bc08,active,null,false,null,null
04fd08f8-8894-4366-a84a-67e3a746f9be,c1465d9a-fc29-4d49-ad4f-f48000d70f42,f4697577-90bf-4091-b3c7-5e7d98501a8b,500,2026-03-09,2026-03-10,eab0c5cb-80fc-499b-8497-7946cac6bc08,active,null,false,null,null
df18e932-b7cb-4df1-8580-547dbe14b8af,4b441ec2-1c86-4b8c-8dac-5b6b348353d8,7e24ef6a-23e6-4a9c-9938-51a24cd78327,1500,2026-03-09,2026-03-10,eab0c5cb-80fc-499b-8497-7946cac6bc08,active,null,false,null,null
4bc9c4f4-badb-4fe2-99d8-7b79e00f1338,21723190-b489-4f8d-a157-9355dfa447ed,3bedd485-d825-4d4c-8539-b1b1fbef950d,1000,2026-03-09,2026-03-10,eab0c5cb-80fc-499b-8497-7946cac6bc08,active,null,false,null,null
90b6db9d-cd0e-487e-8e8e-05f6fc8297fd,e99725f9-1eb8-4ecf-b275-8e7a3c6de2a2,7e24ef6a-23e6-4a9c-9938-51a24cd78327,1500,2026-03-09,2026-03-10,eab0c5cb-80fc-499b-8497-7946cac6bc08,active,null,false,null,null
cec29b5e-53f6-4ad5-8b90-41b468f8a3f5,256868c0-64d2-4621-a2c7-bde297f1a7f3,7e24ef6a-23e6-4a9c-9938-51a24cd78327,1500,2026-03-09,2026-03-10,eab0c5cb-80fc-499b-8497-7946cac6bc08,active,null,false,null,null
ecf143f4-a5aa-484f-a355-f0791a29ed0c,59f55ab3-01c8-41fa-90de-bfc7d763fbae,7e24ef6a-23e6-4a9c-9938-51a24cd78327,1500,2026-03-09,2026-03-10,eab0c5cb-80fc-499b-8497-7946cac6bc08,returned,2026-03-09 09:27:07.579+00,false,null,null
1ebef89b-f95c-484f-9acb-24c4400afcfe,089ab939-9083-4c23-96e7-b13129208c10,f4697577-90bf-4091-b3c7-5e7d98501a8b,500,2026-03-09,2026-03-10,eab0c5cb-80fc-499b-8497-7946cac6bc08,active,null,false,null,null
ae56ed0f-9b80-49eb-b5be-ee7f4e76410e,65c48071-3f4c-4ed3-8bb6-c209761ae4b9,366f83b2-8970-42ec-a88f-2e0de566b708,1000,2026-03-09,2026-03-10,eab0c5cb-80fc-499b-8497-7946cac6bc08,active,null,false,null,null
9d1cd3cd-4023-431f-831e-0a8365992ec8,83d41e1d-ed75-476e-8c59-6ec845f7ee03,7e24ef6a-23e6-4a9c-9938-51a24cd78327,1500,2026-03-09,2026-03-10,eab0c5cb-80fc-499b-8497-7946cac6bc08,rented,null,false,null,null
b65faef8-59c3-4326-bb2f-5f7bc24234f1,b2ea98e5-d354-430d-9823-5f50e942295c,7006805b-2fb4-4b95-8b47-6e781cdb6d8f,1500,2026-03-09,2026-03-11,eab0c5cb-80fc-499b-8497-7946cac6bc08,rented,null,false,null,null
4469e5c5-0a20-476c-9931-46b7bee9a115,fd841353-e2e8-4ad8-b2c0-fcb475ab0c60,366f83b2-8970-42ec-a88f-2e0de566b708,1000,2026-03-09,2026-03-10,eab0c5cb-80fc-499b-8497-7946cac6bc08,active,null,false,null,null
50d3943f-60f1-45d8-beea-0d6885f5f70b,b2ea98e5-d354-430d-9823-5f50e942295c,fe114973-2e40-447a-8804-74d02ac4bf4b,500,2026-03-09,2026-03-10,eab0c5cb-80fc-499b-8497-7946cac6bc08,rented,null,false,null,null
d1844a20-fe65-45b7-9f1b-76bcf62bc8bd,cd997eef-99b6-4d90-b7e2-a2e2557f90f9,9d18af4e-816d-4c86-a0d9-48df089b4cdd,500,2026-03-09,2026-03-10,eab0c5cb-80fc-499b-8497-7946cac6bc08,active,null,false,null,null
3d8c4d5a-4ca0-4940-bb2b-3f5d91715f09,ca97bd01-fa00-478b-8378-00fb3f661e28,9d18af4e-816d-4c86-a0d9-48df089b4cdd,500,2026-03-09,2026-03-10,eab0c5cb-80fc-499b-8497-7946cac6bc08,active,null,false,null,null
5c1ba66a-d9de-420d-a851-0961430aa14d,7cc0d9ec-295f-45c7-8c27-12886d080bd6,9d18af4e-816d-4c86-a0d9-48df089b4cdd,500,2026-03-09,2026-03-10,eab0c5cb-80fc-499b-8497-7946cac6bc08,active,null,false,null,null
56739b1c-9c9a-46f8-8a55-032812e5bc16,ca122202-02fa-4ed0-8407-3d709b8ca06f,9d18af4e-816d-4c86-a0d9-48df089b4cdd,500,2026-03-09,2026-03-10,eab0c5cb-80fc-499b-8497-7946cac6bc08,active,null,false,null,null
835f1291-5858-4664-bf52-94e8e1aa6f89,e109b9c3-8eab-44d7-a044-56f61131b8d1,9d18af4e-816d-4c86-a0d9-48df089b4cdd,500,2026-03-09,2026-03-10,eab0c5cb-80fc-499b-8497-7946cac6bc08,active,null,false,null,null
57cb1693-066c-4420-a40d-3bacf379c6f5,71cc2683-00b3-4dc3-b131-cbd2873b7c8b,9d18af4e-816d-4c86-a0d9-48df089b4cdd,500,2026-03-09,2026-03-10,eab0c5cb-80fc-499b-8497-7946cac6bc08,active,null,false,null,null
bde777fe-1a9b-4993-86d2-dbe95f06e6d9,3cf2a224-0734-4780-b5c6-008cf6077725,9d18af4e-816d-4c86-a0d9-48df089b4cdd,500,2026-03-09,2026-03-10,eab0c5cb-80fc-499b-8497-7946cac6bc08,active,null,false,null,null
46232603-6ee8-477d-ba8d-7dace327ef01,a12e6a4e-eb63-4384-9e42-1aa230c47cc7,9d18af4e-816d-4c86-a0d9-48df089b4cdd,500,2026-03-09,2026-03-10,eab0c5cb-80fc-499b-8497-7946cac6bc08,active,null,false,null,null
83ceb1d8-ca5a-43a3-a1f9-ff05e133beca,f6e78871-64b1-42fb-b022-47cf18b077b7,9d18af4e-816d-4c86-a0d9-48df089b4cdd,500,2026-03-09,2026-03-10,eab0c5cb-80fc-499b-8497-7946cac6bc08,active,null,false,null,null
3aa676bd-dd60-4fc7-98c4-76d717c291b8,9aa8c348-49bb-4439-b0ac-ab7a9dfcf156,9d18af4e-816d-4c86-a0d9-48df089b4cdd,500,2026-03-09,2026-03-10,eab0c5cb-80fc-499b-8497-7946cac6bc08,active,null,false,null,null
4f21c0a9-53d7-46e0-a2bc-64f0a16bfbab,0777bf31-20df-4d1a-8af2-ffe0b8c1d334,9d18af4e-816d-4c86-a0d9-48df089b4cdd,500,2026-03-09,2026-03-10,eab0c5cb-80fc-499b-8497-7946cac6bc08,active,null,false,null,null
53375972-d5f7-453c-8050-aec55e342e6b,078fccb5-8a68-4d71-ba61-490203185239,9d18af4e-816d-4c86-a0d9-48df089b4cdd,500,2026-03-09,2026-03-10,eab0c5cb-80fc-499b-8497-7946cac6bc08,active,null,false,null,null
471cb949-3b6b-4152-9e47-4fcdeeb141d0,9a7844bf-5761-4517-ac37-7dcc2e7b7e8e,9d18af4e-816d-4c86-a0d9-48df089b4cdd,500,2026-03-09,2026-03-10,eab0c5cb-80fc-499b-8497-7946cac6bc08,active,null,false,null,null
82ebd91d-7158-49a3-a465-8b63ad5f69f9,2265645d-090e-4aef-a9d9-2710fc1ec54b,9d18af4e-816d-4c86-a0d9-48df089b4cdd,500,2026-03-10,2026-03-11,eab0c5cb-80fc-499b-8497-7946cac6bc08,active,null,false,null,null
368750a5-115d-49da-aa22-e8e991728435,cc4b4f8d-5aad-443d-876a-994705d12b98,9d18af4e-816d-4c86-a0d9-48df089b4cdd,500,2026-03-09,2026-03-10,eab0c5cb-80fc-499b-8497-7946cac6bc08,active,null,false,null,null
70305f1b-2be0-49b3-bb49-fca3c2b4ead4,136cf828-831d-495b-b3ea-a7354f633fcb,21b5d93b-8f76-4190-95de-8e55d77b5e22,1000,2026-03-09,2026-03-10,eab0c5cb-80fc-499b-8497-7946cac6bc08,active,null,false,null,null
376120ef-faad-4630-8cca-dd742e09d171,5d6e8eb8-a21a-456f-a425-50281f42a9ea,f4697577-90bf-4091-b3c7-5e7d98501a8b,500,2026-03-09,2026-03-10,eab0c5cb-80fc-499b-8497-7946cac6bc08,active,null,false,null,null
147e928e-eabf-4d6e-a4cb-c531675c265b,da8a2d08-4196-492f-a2a4-049b04dd97f5,366f83b2-8970-42ec-a88f-2e0de566b708,1000,2026-03-09,2026-03-10,eab0c5cb-80fc-499b-8497-7946cac6bc08,active,null,false,null,null
0591290d-6393-4cb3-ba75-06ac817418cb,4b8cda1e-90b7-44fb-8993-8d03e2b871d6,9d18af4e-816d-4c86-a0d9-48df089b4cdd,500,2026-03-09,2026-03-10,eab0c5cb-80fc-499b-8497-7946cac6bc08,active,null,false,null,null
e4256c7a-e70e-4781-ac9e-7264b8b05730,ed07c9c1-c16b-4695-937b-9c86bfa1942f,9d18af4e-816d-4c86-a0d9-48df089b4cdd,500,2026-03-09,2026-03-10,eab0c5cb-80fc-499b-8497-7946cac6bc08,active,null,false,null,null
60183267-9c8c-42d9-9e19-83218dbcb3ba,b3e998d8-3a72-47c6-ad4b-de43e30df4e6,9d18af4e-816d-4c86-a0d9-48df089b4cdd,500,2026-03-09,2026-03-10,eab0c5cb-80fc-499b-8497-7946cac6bc08,active,null,false,null,null
4af06bb6-0e33-4e40-90fa-39f5578239f9,be207b2d-a771-461f-8797-5b5d133ed0d3,f4697577-90bf-4091-b3c7-5e7d98501a8b,500,2026-03-10,2026-03-11,eab0c5cb-80fc-499b-8497-7946cac6bc08,active,null,false,null,null
e25832ba-3d74-4fba-9d55-843ed87646c2,6036975a-d978-490c-9c67-c03f7f149d07,366f83b2-8970-42ec-a88f-2e0de566b708,1000,2026-03-10,2026-03-11,eab0c5cb-80fc-499b-8497-7946cac6bc08,active,null,false,null,null
08c03471-2094-452c-bcfc-2837fffeb9b2,9aac199e-c778-4750-bef5-38b28e8a0c7d,3bedd485-d825-4d4c-8539-b1b1fbef950d,1000,2026-03-10,2026-03-11,eab0c5cb-80fc-499b-8497-7946cac6bc08,active,null,false,null,null
9b8ade01-d809-41b9-a65c-7a3251d078df,097fc6c3-ca79-4011-bbda-27fcb8cd7893,21b5d93b-8f76-4190-95de-8e55d77b5e22,1000,2026-03-10,2026-03-11,eab0c5cb-80fc-499b-8497-7946cac6bc08,active,null,false,null,null
bbe0cd6a-7679-42b5-b1f8-27858eb5cf63,6cfe13c0-362b-4221-8ef7-a88756c754ef,3bedd485-d825-4d4c-8539-b1b1fbef950d,1000,2026-03-10,2026-03-11,eab0c5cb-80fc-499b-8497-7946cac6bc08,active,null,false,null,null
f016db2f-7b54-4746-82a2-1142be75b798,effd3330-b8d4-4b4c-a2c6-1f0d391b910d,21b5d93b-8f76-4190-95de-8e55d77b5e22,1000,2026-03-10,2026-03-11,eab0c5cb-80fc-499b-8497-7946cac6bc08,active,null,false,null,null
01ff51f3-6403-46b5-8788-b1a2bcb52c5a,c9f72386-00a1-41af-a387-ab1f7fc10a76,f4697577-90bf-4091-b3c7-5e7d98501a8b,500,2026-03-10,2026-03-11,eab0c5cb-80fc-499b-8497-7946cac6bc08,active,null,false,null,null
66d5c35f-ae39-4758-9fae-3c8c2b9946f4,af3a9b6d-3455-4929-a9f0-e772f4a0cbd7,7e24ef6a-23e6-4a9c-9938-51a24cd78327,1500,2026-03-11,2026-03-12,eab0c5cb-80fc-499b-8497-7946cac6bc08,active,null,false,null,null
f91b7f54-4313-46bc-8df1-2021c9c89beb,7b51955b-33f3-42c1-8e2f-82d6ec9cca67,f4697577-90bf-4091-b3c7-5e7d98501a8b,500,2026-03-11,2026-03-12,eab0c5cb-80fc-499b-8497-7946cac6bc08,active,null,false,null,null
fa855baa-d478-4f34-89aa-c123d357cbb2,b42242b5-db7d-49ad-89f3-d1204eb4588e,7e24ef6a-23e6-4a9c-9938-51a24cd78327,3000,2026-03-13,2026-03-15,eab0c5cb-80fc-499b-8497-7946cac6bc08,active,null,false,null,null
3781045c-5161-4df3-bf2b-2a3843e8d053,1c478367-b10f-4201-88fd-4ba6febe71e0,3bedd485-d825-4d4c-8539-b1b1fbef950d,2000,2026-03-13,2026-03-15,eab0c5cb-80fc-499b-8497-7946cac6bc08,active,null,false,null,null
62eb3951-855a-4843-86be-fbf881a607b1,1853a319-d8a5-4f16-bca8-121a77e46252,21b5d93b-8f76-4190-95de-8e55d77b5e22,1000,2026-03-13,2026-03-16,eab0c5cb-80fc-499b-8497-7946cac6bc08,active,null,false,null,null
cbf60077-d4c4-4d93-bad3-ce8331913be6,1853a319-d8a5-4f16-bca8-121a77e46252,f4697577-90bf-4091-b3c7-5e7d98501a8b,500,2026-03-13,2026-03-15,eab0c5cb-80fc-499b-8497-7946cac6bc08,active,null,false,null,null
1795bcec-8b6e-495a-a46a-e8cdd165d482,cbd40cda-0e2f-401c-a65d-a13bdcae3c31,7e24ef6a-23e6-4a9c-9938-51a24cd78327,1500,2026-03-14,2026-03-15,eab0c5cb-80fc-499b-8497-7946cac6bc08,active,null,false,null,null
49252d93-1dd8-4d85-889e-1ea18ed5b7af,f5a61e91-04ab-4791-abc7-71d39271c2a8,3bedd485-d825-4d4c-8539-b1b1fbef950d,1000,2026-03-14,2026-03-15,eab0c5cb-80fc-499b-8497-7946cac6bc08,active,null,false,null,null
1633ce46-e416-4ced-a6d8-7b04509085cb,f5a61e91-04ab-4791-abc7-71d39271c2a8,9d18af4e-816d-4c86-a0d9-48df089b4cdd,500,2026-03-14,2026-03-16,eab0c5cb-80fc-499b-8497-7946cac6bc08,active,null,false,null,null
3048c0e6-80e4-4cec-934f-5da5d41eb7de,6d673222-b2cc-4dbb-b1da-b6a8c4b49bbf,7006805b-2fb4-4b95-8b47-6e781cdb6d8f,1500,2026-03-14,2026-03-15,eab0c5cb-80fc-499b-8497-7946cac6bc08,active,null,false,null,null
b109cb15-0593-4ba4-a46b-0d09d546845a,1a1c3ac1-3f79-45e5-86f5-3712316cdd9d,7e24ef6a-23e6-4a9c-9938-51a24cd78327,1500,2026-03-14,2026-03-15,eab0c5cb-80fc-499b-8497-7946cac6bc08,active,null,false,null,null
6cb94a20-c8c4-4749-8854-c571effc456a,1853a319-d8a5-4f16-bca8-121a77e46252,366f83b2-8970-42ec-a88f-2e0de566b708,1000,2026-03-13,2026-03-14,eab0c5cb-80fc-499b-8497-7946cac6bc08,returned,2026-03-14 08:17:30.989+00,false,null,null
dc323634-e57c-4b95-a13b-25c4ceb22f1e,4222834b-576c-4a87-aee9-7c0c63360fa4,3bedd485-d825-4d4c-8539-b1b1fbef950d,1000,2026-03-16,2026-03-17,eab0c5cb-80fc-499b-8497-7946cac6bc08,active,null,false,null,null
687c5761-2fc5-4859-b720-0159db773832,08d1d7db-532f-449b-90b1-d88af08d0dff,7e24ef6a-23e6-4a9c-9938-51a24cd78327,1500,2026-03-16,2026-03-18,eab0c5cb-80fc-499b-8497-7946cac6bc08,active,null,false,null,null
c104e215-abbd-4dce-b5fa-4d1bad374e0d,7fbe044f-fad1-4f80-99a0-55da101d6ee1,7e24ef6a-23e6-4a9c-9938-51a24cd78327,1500,2026-03-21,2026-03-23,eab0c5cb-80fc-499b-8497-7946cac6bc08,active,null,false,null,null
049a3569-dff7-4f00-8662-f51a49ed18a5,34afdf99-e1c6-415f-8759-bc4771a52b1d,3bedd485-d825-4d4c-8539-b1b1fbef950d,1000,2026-03-24,2026-03-25,eab0c5cb-80fc-499b-8497-7946cac6bc08,active,null,false,null,null
9259fffc-58e0-4587-9ae2-f59c9a241b6a,e223b796-4b7b-400f-a510-d255fbf16d63,21b5d93b-8f76-4190-95de-8e55d77b5e22,1000,2026-03-25,2026-03-26,eab0c5cb-80fc-499b-8497-7946cac6bc08,active,null,false,null,null
744aa1ce-9067-4aba-828f-7038853997d5,12d06d77-c96d-430c-890c-1334d884f77e,7006805b-2fb4-4b95-8b47-6e781cdb6d8f,1500,2026-03-25,2026-03-26,eab0c5cb-80fc-499b-8497-7946cac6bc08,active,null,false,null,null
8c2b808c-c9cd-492c-86c1-402b6c9cb04d,12d06d77-c96d-430c-890c-1334d884f77e,fe114973-2e40-447a-8804-74d02ac4bf4b,500,2026-03-25,2026-03-26,eab0c5cb-80fc-499b-8497-7946cac6bc08,active,null,false,null,null
b6533427-af24-4297-b810-be4a98839f10,b28feef1-4a28-4af4-a131-4f9e8877a2fc,7006805b-2fb4-4b95-8b47-6e781cdb6d8f,1500,2026-03-25,2026-03-27,eab0c5cb-80fc-499b-8497-7946cac6bc08,active,null,false,null,null
ff7bf3af-da6c-4942-bf10-4288dbebb3c9,2d393456-4d48-4d8d-9f99-5aa04c3c6e72,305c251d-ebb3-4055-8be3-d74b8a5f9f71,1000,2026-05-06,2026-05-07,8c89f646-04f0-4fce-a9ad-ace4672cbffc,active,null,false,null,null
06ab2e6b-40dd-40a9-9a7e-40b76246f404,02bbb523-f8af-41f9-92bf-7d6838d4ab0d,54c5c34d-6c86-4cab-b53d-adc247523f02,1500,2026-05-07,2026-05-09,8c89f646-04f0-4fce-a9ad-ace4672cbffc,active,null,false,null,null
42a6c5fb-07ea-47e7-a674-e1c28d2ab764,f12d30df-bcdf-4ec2-919b-f15721112363,e173815a-4d50-4078-8378-a26d4be4d422,1000,2026-05-07,2026-05-08,8c89f646-04f0-4fce-a9ad-ace4672cbffc,active,null,false,null,null
581b6f9a-a95c-46ae-86eb-1b60479f9cde,4b359d0b-e99b-4b51-9292-cf40e7d13585,a9d61440-474b-47cb-869d-cc8c3a6fd85d,1200,2026-05-08,2026-05-09,8c89f646-04f0-4fce-a9ad-ace4672cbffc,active,null,false,null,null
16ff73b0-1267-4ec1-98b7-08419fb519f3,8c43afac-a20a-4cf2-ab43-a80dbef821b1,366f83b2-8970-42ec-a88f-2e0de566b708,1000,2026-05-12,2026-05-13,eab0c5cb-80fc-499b-8497-7946cac6bc08,active,null,false,null,null
0a3d3691-469c-4b4f-899e-4a5441a621fc,8c43afac-a20a-4cf2-ab43-a80dbef821b1,null,500,2026-05-12,2026-05-13,eab0c5cb-80fc-499b-8497-7946cac6bc08,active,null,true,цепь пильная,null
74e8e97c-49d6-4bac-b415-1242cc4a4b88,1b60d21a-a1bc-4a3b-99d7-31ca1d5f5022,366f83b2-8970-42ec-a88f-2e0de566b708,1000,2026-05-12,2026-05-13,eab0c5cb-80fc-499b-8497-7946cac6bc08,active,null,false,null,null
62dd17b1-3adc-4ad3-8d2d-5dd99023f39d,1b60d21a-a1bc-4a3b-99d7-31ca1d5f5022,null,500,2026-05-12,2026-05-13,eab0c5cb-80fc-499b-8497-7946cac6bc08,active,null,true,цепь пильная,null
33ee4ed5-7ab4-4109-8ccf-43477f9d5d13,62302ce7-7d7d-4e8d-883a-02ebcc2e3c39,fe114973-2e40-447a-8804-74d02ac4bf4b,500,2026-05-12,2026-05-13,eab0c5cb-80fc-499b-8497-7946cac6bc08,active,null,false,null,null
e5007f6e-9ee2-4f9b-934d-72743d2d2958,62302ce7-7d7d-4e8d-883a-02ebcc2e3c39,null,200,2026-05-12,2026-05-13,eab0c5cb-80fc-499b-8497-7946cac6bc08,active,null,true,цепь пильная,null
845eb42c-69b9-4262-8168-1ef12873add2,abefd0e4-c68e-4f5a-bbbb-117dd759eefb,414a09a2-dde8-40af-8ae0-aa0f1b5e7058,1000,2026-05-12,2026-05-13,eab0c5cb-80fc-499b-8497-7946cac6bc08,active,null,false,null,null
72ecfdd5-7c4a-4c5e-9da4-bb40bd9e203e,abefd0e4-c68e-4f5a-bbbb-117dd759eefb,null,100,2026-05-12,2026-05-13,eab0c5cb-80fc-499b-8497-7946cac6bc08,active,null,true,цепь пильная,null
c12cfd84-c46c-445b-a8bf-b50f4aee0c0b,bb50bcf4-3bb5-4783-b467-51c927c93756,366f83b2-8970-42ec-a88f-2e0de566b708,1000,2026-05-12,2026-05-13,eab0c5cb-80fc-499b-8497-7946cac6bc08,active,null,false,null,null
fb14b222-47ef-4d5f-bf8d-c82274e8418c,bb50bcf4-3bb5-4783-b467-51c927c93756,null,200,2026-05-12,2026-05-13,eab0c5cb-80fc-499b-8497-7946cac6bc08,active,null,true,цепь пильная,null
3d358ef8-11dd-4502-97d1-968eabfb7ad8,c5837f63-0dfb-4572-9419-547671b5e505,95d82151-a594-4190-a675-6dfaa2473952,1500,2026-05-13,2026-05-14,8c89f646-04f0-4fce-a9ad-ace4672cbffc,active,null,false,null,null
c5a9bbe6-5955-4f0c-9fc6-4f46e92248b9,65b66583-2f1f-4d9a-b18e-6edfc0a120a4,305c251d-ebb3-4055-8be3-d74b8a5f9f71,1000,2026-05-14,2026-05-15,8c89f646-04f0-4fce-a9ad-ace4672cbffc,active,null,false,null,null
3dec1bec-c27a-4274-9b6e-e06ced8ac19d,b3ac4ba3-5737-4f1f-b145-ec2582c6c27f,54c5c34d-6c86-4cab-b53d-adc247523f02,1500,2026-05-14,2026-05-15,8c89f646-04f0-4fce-a9ad-ace4672cbffc,active,null,false,null,null
04e6cf8c-caa0-4a55-a2b9-23b7ae3d900e,0d215dc4-4531-4f9c-9fca-c4e3ae82cff1,54c5c34d-6c86-4cab-b53d-adc247523f02,1500,2026-05-16,2026-05-17,8c89f646-04f0-4fce-a9ad-ace4672cbffc,active,null,false,null,null
f5fcdd20-767a-4229-b370-d453d930fdd4,4f6929c9-e656-40cb-96d8-44951d3db1d1,a9d61440-474b-47cb-869d-cc8c3a6fd85d,1200,2026-05-18,2026-05-19,8c89f646-04f0-4fce-a9ad-ace4672cbffc,active,null,false,null,null
070bb4a7-4c3e-4dab-a9cf-0c4e86e6df26,16f2f036-0b04-4ca1-b56c-2cb7eea02230,a48e2f7d-fa7a-4ab2-9b74-d6e5743e78a1,700,2026-05-18,2026-05-19,8c89f646-04f0-4fce-a9ad-ace4672cbffc,active,null,false,null,null
fdfb7ea0-9221-491d-b676-e1d04938f5ac,7512d414-08e0-416c-a8c1-0aebbe84383e,a9d61440-474b-47cb-869d-cc8c3a6fd85d,1200,2026-05-19,2026-05-20,8c89f646-04f0-4fce-a9ad-ace4672cbffc,active,null,false,null,null
49d5326d-ce8a-4521-89a9-3b91e63cf2ba,75750638-993f-437f-b5df-4e7630d92d9c,a9d61440-474b-47cb-869d-cc8c3a6fd85d,1200,2026-05-20,2026-05-21,8c89f646-04f0-4fce-a9ad-ace4672cbffc,active,null,false,null,null
6f793b07-56d6-4ddc-9980-9ec68ad92d92,75750638-993f-437f-b5df-4e7630d92d9c,null,500,2026-05-21,2026-05-22,8c89f646-04f0-4fce-a9ad-ace4672cbffc,active,null,true,доплата за пол дня аренды мотобура,null
a9c8c6b2-3f2b-4114-a7c1-5290e7afa734,8dfcd4c6-f11d-47e7-bdbd-43b0869addce,54c5c34d-6c86-4cab-b53d-adc247523f02,1500,2026-05-22,2026-05-24,8c89f646-04f0-4fce-a9ad-ace4672cbffc,active,null,false,null,null
207586f1-6b0c-4832-81ee-1434613617c3,6a926f45-330b-43af-8bd9-818eb2c34859,54c5c34d-6c86-4cab-b53d-adc247523f02,1500,2026-05-28,2026-05-29,8c89f646-04f0-4fce-a9ad-ace4672cbffc,active,null,false,null,null
a99c1d6f-3575-469d-ace1-3ac9c090eddd,5e36159f-5167-4a2e-afaa-32e855c3963a,54c5c34d-6c86-4cab-b53d-adc247523f02,1500,2026-05-29,2026-06-02,8c89f646-04f0-4fce-a9ad-ace4672cbffc,active,null,false,null,null
f7e48b95-15c3-4ebd-8048-8e3801eb2a9d,271ee14a-4f75-4ac9-9b06-2cd476b70ce4,305c251d-ebb3-4055-8be3-d74b8a5f9f71,1000,2026-05-30,2026-05-31,8c89f646-04f0-4fce-a9ad-ace4672cbffc,active,null,false,null,null
3501dcb0-695b-4529-a43a-7936348aeda1,b28feef1-4a28-4af4-a131-4f9e8877a2fc,f4697577-90bf-4091-b3c7-5e7d98501a8b,500,2026-03-25,2026-03-26,eab0c5cb-80fc-499b-8497-7946cac6bc08,returned,2026-05-31 11:37:57.835+00,false,null,null
ef19d205-1313-4f08-8217-b04590d01bb1,58b9f3c9-85aa-4fcf-85aa-368ff813215f,9d18af4e-816d-4c86-a0d9-48df089b4cdd,500,2026-05-31,2026-06-01,eab0c5cb-80fc-499b-8497-7946cac6bc08,active,null,false,null,null
190a668e-b7bc-496c-9dbd-34986e810d1c,aab59db7-f649-4300-9bdd-e8d107973ecd,9d18af4e-816d-4c86-a0d9-48df089b4cdd,500,2026-05-31,2026-06-03,eab0c5cb-80fc-499b-8497-7946cac6bc08,active,null,false,null,null
48b142f7-d4e6-4848-944f-f27057c17c02,ed722e2b-7c93-47c3-b9af-d76033ef0918,9d18af4e-816d-4c86-a0d9-48df089b4cdd,500,2026-05-31,2026-06-01,eab0c5cb-80fc-499b-8497-7946cac6bc08,active,null,false,null,null
409e6525-6b38-4153-a050-ea4caf03b5ab,5fd2b371-20fd-4e3a-abd0-ae1b1efa17fe,7e24ef6a-23e6-4a9c-9938-51a24cd78327,1500,2026-06-06,2026-06-07,eab0c5cb-80fc-499b-8497-7946cac6bc08,active,null,false,null,null
9a319054-23d5-4c77-a40a-8fe78c288887,d9f6466d-a775-4b16-a92b-6ceb9b2c2bd0,3bedd485-d825-4d4c-8539-b1b1fbef950d,1000,2026-06-06,2026-06-07,eab0c5cb-80fc-499b-8497-7946cac6bc08,active,null,false,null,null
7565c91f-0c60-4569-be27-89d7da94980d,7e547683-daea-471c-9f16-3dbb0f116413,414a09a2-dde8-40af-8ae0-aa0f1b5e7058,1000,2026-06-07,2026-06-08,eab0c5cb-80fc-499b-8497-7946cac6bc08,active,null,false,null,null
03ea318b-ff7d-45b7-8e40-cebce54aa02e,42530ff4-1055-4539-a293-dd89cac193bf,fe114973-2e40-447a-8804-74d02ac4bf4b,500,2026-06-07,2026-06-08,eab0c5cb-80fc-499b-8497-7946cac6bc08,active,null,false,null,null
91b16efc-bf5a-4d9d-9f68-61b2d072146d,0eecc07c-97f4-4039-854d-a99564aee912,a9d61440-474b-47cb-869d-cc8c3a6fd85d,1200,2026-06-08,2026-06-09,8c89f646-04f0-4fce-a9ad-ace4672cbffc,active,null,false,null,null
2a61a6e2-cd50-4f06-aa1e-fdd94d432e83,13620de3-4d0d-48cf-a97b-6e12335587da,fe114973-2e40-447a-8804-74d02ac4bf4b,500,2026-06-08,2026-06-11,eab0c5cb-80fc-499b-8497-7946cac6bc08,active,null,false,null,null
ba47323a-697b-418d-824d-0297ff6918d6,b1342461-0264-4a43-8af8-6e5884d372db,a48e2f7d-fa7a-4ab2-9b74-d6e5743e78a1,700,2026-06-08,2026-06-09,8c89f646-04f0-4fce-a9ad-ace4672cbffc,active,null,false,null,null
1aac4e9e-32b4-487c-a99e-c340ed112daa,6b8cb4a5-b920-4b50-9e7c-1783139dda0b,fe114973-2e40-447a-8804-74d02ac4bf4b,500,2026-06-08,2026-06-13,eab0c5cb-80fc-499b-8497-7946cac6bc08,active,null,false,null,2500
a49c8713-5c08-4913-8d1d-89691964f0cd,86a449ad-675c-4ca7-a0b1-7dd15b7a254c,885c65b1-8839-408f-ab35-4e16a00754b1,1000,2026-06-09,2026-06-10,8c89f646-04f0-4fce-a9ad-ace4672cbffc,active,null,false,null,1000
3f4e69d2-f9fc-4631-ae39-ff1e7493d452,86a449ad-675c-4ca7-a0b1-7dd15b7a254c,b535b59e-1c81-4497-9959-355dfb4f5c01,500,2026-06-09,2026-06-10,8c89f646-04f0-4fce-a9ad-ace4672cbffc,active,null,false,null,500
8eee6f0e-5e02-4622-a118-55298bdeb598,86a449ad-675c-4ca7-a0b1-7dd15b7a254c,305c251d-ebb3-4055-8be3-d74b8a5f9f71,1000,2026-06-09,2026-06-10,8c89f646-04f0-4fce-a9ad-ace4672cbffc,active,null,false,null,1000
57776077-b029-4f86-8f0a-6f6b3cad20eb,53f2b0e4-bdfd-40c3-a4e3-84ab872509b6,54c5c34d-6c86-4cab-b53d-adc247523f02,1500,2026-06-10,2026-06-11,8c89f646-04f0-4fce-a9ad-ace4672cbffc,active,null,false,null,1500
382b6fb4-4112-4600-9079-b13d64fdea22,2235d78c-3028-452c-808b-29515ec6383e,95d82151-a594-4190-a675-6dfaa2473952,1500,2026-06-11,2026-06-12,8c89f646-04f0-4fce-a9ad-ace4672cbffc,active,null,false,null,1500
b3ad1df3-1267-4889-a5ce-f32a01cd751b,968afe88-e38e-4756-8c7d-8f766d1d05d6,54c5c34d-6c86-4cab-b53d-adc247523f02,1500,2026-06-11,2026-06-12,8c89f646-04f0-4fce-a9ad-ace4672cbffc,active,null,false,null,1500
861497bd-7722-48f3-8740-228c8663727a,878be52e-8ff3-4df7-84a1-fc40f6f7d932,e9be6ddc-92f2-4610-9448-8f6682f3195d,700,2026-06-12,2026-06-13,8c89f646-04f0-4fce-a9ad-ace4672cbffc,active,null,false,null,700
8b111665-4ab1-4340-89a2-abea74dabb6f,b702a183-f9b6-45ce-90ab-ff1b565a9f10,e173815a-4d50-4078-8378-a26d4be4d422,1000,2026-06-12,2026-06-13,8c89f646-04f0-4fce-a9ad-ace4672cbffc,active,null,false,null,1000
3519c2e1-7aa3-48d4-91b0-3fe560b3e45b,b702a183-f9b6-45ce-90ab-ff1b565a9f10,null,500,2026-06-12,2026-06-13,8c89f646-04f0-4fce-a9ad-ace4672cbffc,active,null,true,пол дня аренды генератора,500
ab2110d3-0d32-4bed-a6c8-6cc6c2968a24,b702a183-f9b6-45ce-90ab-ff1b565a9f10,null,300,2026-06-12,2026-06-13,8c89f646-04f0-4fce-a9ad-ace4672cbffc,active,null,true,удлиннитель,300
5ed38c87-da62-45ab-94df-3d6940babb68,2ce3c5d0-6fba-4194-9a64-a4e6bfd1e321,edebdb9a-255d-42dd-ab59-43175bfab221,1600,2026-06-12,2026-06-13,8c89f646-04f0-4fce-a9ad-ace4672cbffc,active,null,false,null,1600
48d97281-190d-4492-b3b4-4bd50f689416,c1e7b0a5-ac3d-4f25-9d1d-c59ad63846f1,a9d61440-474b-47cb-869d-cc8c3a6fd85d,1200,2026-06-13,2026-06-14,8c89f646-04f0-4fce-a9ad-ace4672cbffc,active,null,false,null,1200
494b0b6f-301c-432e-953c-c803b02ca412,fc9c753b-0629-4ef1-ac27-7a4557d9eebc,edebdb9a-255d-42dd-ab59-43175bfab221,1600,2026-06-13,2026-06-14,8c89f646-04f0-4fce-a9ad-ace4672cbffc,active,null,false,null,1600
549e0253-02da-4635-9dc6-747baa998649,5c68a795-4411-4f2e-87b9-1e1c96a602e7,d2430a3d-466b-41de-b76f-1f3e0ee63db9,1500,2026-06-15,2026-06-16,8c89f646-04f0-4fce-a9ad-ace4672cbffc,active,null,false,null,1500
6d40fe7a-7f99-4436-9b0b-84e4036b8ed4,4bc0e549-df0c-42af-9cb2-6c052b25c122,3bedd485-d825-4d4c-8539-b1b1fbef950d,1000,2026-06-16,2026-06-17,eab0c5cb-80fc-499b-8497-7946cac6bc08,active,null,false,null,1000
16e78559-9d82-4089-a662-e169beefbe69,b8ebd4b7-4d71-45e1-b1aa-9eef9152022b,54c5c34d-6c86-4cab-b53d-adc247523f02,1500,2026-06-16,2026-06-17,8c89f646-04f0-4fce-a9ad-ace4672cbffc,active,null,false,null,1500
94123951-3a6e-4f38-8fb5-8366483a8018,5cd7ea08-65c0-4bc7-ad20-5d933e58fdaa,null,800,2026-06-17,2026-06-18,8c89f646-04f0-4fce-a9ad-ace4672cbffc,active,null,true,Пылесос строительный Bort,800
e5ffe7eb-e1b0-4d83-9a4d-f1fd416df181,5e3d496b-ad7d-42fa-9aa6-71a41745c41b,54c5c34d-6c86-4cab-b53d-adc247523f02,1500,2026-06-17,2026-06-18,8c89f646-04f0-4fce-a9ad-ace4672cbffc,active,null,false,null,1500
5054ef41-3b90-464d-aa92-d67e00f0adfa,aec8b211-c36b-4c75-82f7-93a968609ef5,7e24ef6a-23e6-4a9c-9938-51a24cd78327,1500,2026-06-18,2026-06-19,eab0c5cb-80fc-499b-8497-7946cac6bc08,active,null,false,null,1500
dde141d0-5a3b-4ac7-b17d-a230a28f7291,aec8b211-c36b-4c75-82f7-93a968609ef5,null,100,2026-06-18,2026-06-19,eab0c5cb-80fc-499b-8497-7946cac6bc08,active,null,true,цепь пильная,100
ae8237c2-d6a2-4815-b577-c2456c37f8aa,fdd1f396-aaef-4327-8401-d55470778f13,95d82151-a594-4190-a675-6dfaa2473952,1500,2026-06-18,2026-06-20,8c89f646-04f0-4fce-a9ad-ace4672cbffc,active,null,false,null,3000
00f30649-de9d-4cc3-bb1c-ce553aca320d,917f0f95-64be-4ab3-8f35-1ef393de2401,e173815a-4d50-4078-8378-a26d4be4d422,1000,2026-06-19,2026-06-22,8c89f646-04f0-4fce-a9ad-ace4672cbffc,active,null,false,null,3000
cacca944-8e8d-4e0e-a57c-94de2f4421fd,4f9c449d-8a8c-4858-bf12-9b29039a0604,325dc8c0-6bb1-44f2-addc-7b7b4aa7dfa0,2000,2026-06-20,2026-06-21,8c89f646-04f0-4fce-a9ad-ace4672cbffc,active,null,false,null,2000
bc15fdac-b0a4-4d64-8fdb-fa0f06572dca,b0ae6833-f4bb-4a07-a475-bf151c720713,e9be6ddc-92f2-4610-9448-8f6682f3195d,700,2026-06-23,2026-06-24,8c89f646-04f0-4fce-a9ad-ace4672cbffc,active,null,false,null,700
39adc7f1-88eb-4c05-af0e-fc1fa42fe576,ed27c231-23f1-4e4b-9d00-29cdb2d3186f,a9d61440-474b-47cb-869d-cc8c3a6fd85d,1500,2026-06-24,2026-06-25,8c89f646-04f0-4fce-a9ad-ace4672cbffc,active,null,false,null,1500
cb6481f0-2089-4589-a5bf-f2ea4e224361,623e9702-ae75-4fed-bf1b-435970d8b43a,d2430a3d-466b-41de-b76f-1f3e0ee63db9,1500,2026-06-25,2026-06-26,8c89f646-04f0-4fce-a9ad-ace4672cbffc,active,null,false,null,1500
d444ca21-ba24-43b1-a47d-b3ceedad67b6,5fa304ab-25e3-4d6a-bb7b-770d1e398c1d,181a5816-87f3-4eab-a24f-67f20dbe8732,1000,2026-06-26,2026-06-27,8c89f646-04f0-4fce-a9ad-ace4672cbffc,active,null,false,null,1000
2057dbfd-813c-4367-a624-0067916190bd,122c010f-7c1b-4bba-9a58-917f01ded018,54c5c34d-6c86-4cab-b53d-adc247523f02,1500,2026-06-26,2026-06-27,8c89f646-04f0-4fce-a9ad-ace4672cbffc,active,null,false,null,1500
6b967dcb-2a13-4638-8c89-859f785ad264,6ba0591a-4673-4eea-a622-e885031ed095,d2430a3d-466b-41de-b76f-1f3e0ee63db9,1500,2026-06-27,2026-06-28,8c89f646-04f0-4fce-a9ad-ace4672cbffc,active,null,false,null,1500
e11880e1-643b-4a09-9eca-dace399f7ef2,75a70a0b-66a2-49a2-b4ff-d44406a0696e,edebdb9a-255d-42dd-ab59-43175bfab221,1600,2026-06-27,2026-06-28,8c89f646-04f0-4fce-a9ad-ace4672cbffc,active,null,false,null,1600
13e8f9d5-704a-4ef1-a14b-c2a0f8081553,2ba5dae3-9103-4ea5-a4c8-51210ffa505f,54c5c34d-6c86-4cab-b53d-adc247523f02,1500,2026-06-27,2026-06-28,8c89f646-04f0-4fce-a9ad-ace4672cbffc,active,null,false,null,1500
68c8ed10-4c48-4f82-a2eb-6946000ea9e3,1b671923-41f8-42f1-9221-b901fd258a2d,a9d61440-474b-47cb-869d-cc8c3a6fd85d,1500,2026-06-28,2026-06-29,8c89f646-04f0-4fce-a9ad-ace4672cbffc,active,null,false,null,1500
3949ee72-eb7d-4c64-84dd-f4591869221c,7b39c8f9-6eed-415d-b7c9-1ec7136e678f,181a5816-87f3-4eab-a24f-67f20dbe8732,1000,2026-07-01,2026-07-02,8c89f646-04f0-4fce-a9ad-ace4672cbffc,active,null,false,null,1000
a84f90a1-95ce-4143-9e76-d02a3eed4f87,f7e93763-2874-4e08-81ac-540b477fa97a,d2430a3d-466b-41de-b76f-1f3e0ee63db9,1500,2026-07-01,2026-07-02,8c89f646-04f0-4fce-a9ad-ace4672cbffc,active,null,false,null,1500
558a5927-c4d0-45d1-8153-09c2744ebcaf,cfcebdbe-ed29-451f-ab6b-12b07c0f3c06,325dc8c0-6bb1-44f2-addc-7b7b4aa7dfa0,2000,2026-07-02,2026-07-03,8c89f646-04f0-4fce-a9ad-ace4672cbffc,active,null,false,null,2000
5cf0851e-4a5e-48fc-a6a9-d28c83f55c04,7f470492-4d05-4934-9035-56b2721f1012,d2430a3d-466b-41de-b76f-1f3e0ee63db9,1500,2026-07-03,2026-07-04,8c89f646-04f0-4fce-a9ad-ace4672cbffc,active,null,false,null,1500
81250c01-61be-47f6-971a-b17a90e80d26,00b89ce4-5819-438e-a62c-eb03a8964fec,32559c5c-3e5a-4e63-bba8-f09f8d35504a,2500,2026-07-03,2026-07-04,8c89f646-04f0-4fce-a9ad-ace4672cbffc,active,null,false,null,2500
8064ae83-efca-4da2-ade9-f8a328e8c1b3,f5cf73aa-9b2d-4425-aed9-40930e3cd5e3,54c5c34d-6c86-4cab-b53d-adc247523f02,1800,2026-07-05,2026-07-06,8c89f646-04f0-4fce-a9ad-ace4672cbffc,active,null,false,null,1800
9a5d0e53-3f08-48ac-8e8d-1242d30c8415,b9054de1-9ee1-460a-afd2-7d3ce1f24650,d2430a3d-466b-41de-b76f-1f3e0ee63db9,1500,2026-07-05,2026-07-06,8c89f646-04f0-4fce-a9ad-ace4672cbffc,active,null,false,null,1500
a49c69c8-2d87-43b5-90c0-8f1dc0e98204,d36cfa81-ddc7-4465-bde1-38b7a0e8e2ae,edebdb9a-255d-42dd-ab59-43175bfab221,1500,2026-07-07,2026-07-08,8c89f646-04f0-4fce-a9ad-ace4672cbffc,active,null,false,null,1500
2c2dcf08-f69c-4da1-a1bf-b8debfd0efb5,927dada0-ed4d-44f7-b13a-9bd371e0676a,325dc8c0-6bb1-44f2-addc-7b7b4aa7dfa0,2000,2026-07-14,2026-07-15,8c89f646-04f0-4fce-a9ad-ace4672cbffc,active,null,false,null,2000
dc2018bb-9421-4e1f-ba8f-c4715e9420e0,a009303c-2824-49ff-bf52-a1033ab3bfbe,b11bc852-37b9-4490-acff-3d69f6685b18,700,2026-07-15,2026-07-16,8c89f646-04f0-4fce-a9ad-ace4672cbffc,active,null,false,null,700
4d55ca5f-80b8-44f5-b7cf-d9e10728f3e5,a009303c-2824-49ff-bf52-a1033ab3bfbe,2ed283c4-e5b5-43e2-a407-9f078bae20b5,700,2026-07-15,2026-07-16,8c89f646-04f0-4fce-a9ad-ace4672cbffc,active,null,false,null,700
f9af89dd-d6bc-4f2a-b875-d4fadf1f1b0f,2b841474-d246-4457-9018-4eac468cd87b,d2430a3d-466b-41de-b76f-1f3e0ee63db9,1500,2026-07-17,2026-07-18,8c89f646-04f0-4fce-a9ad-ace4672cbffc,active,null,false,null,1500
12dcdf6f-7a89-4170-b536-00306211047c,52dff5ef-c6c5-4283-ba95-eb47305db8cd,e9be6ddc-92f2-4610-9448-8f6682f3195d,800,2026-07-18,2026-07-19,8c89f646-04f0-4fce-a9ad-ace4672cbffc,active,null,false,null,800
9300f562-2f69-4693-a78a-6628ea6cb089,25bede4d-b2ed-4aa9-9dbb-7932712b7b9e,181a5816-87f3-4eab-a24f-67f20dbe8732,1000,2026-07-18,2026-07-19,8c89f646-04f0-4fce-a9ad-ace4672cbffc,active,null,false,null,1000
d3d5b5be-f2de-4d61-b96c-a1832da7b1d3,642fd506-9e86-4173-9b03-c680826cadf4,a9d61440-474b-47cb-869d-cc8c3a6fd85d,1000,2026-07-20,2026-07-21,8c89f646-04f0-4fce-a9ad-ace4672cbffc,active,null,false,null,1000
e74b6968-0460-48c9-8de0-024c7dd052af,748bf0db-2d62-400d-b0a6-e617d8462927,95d82151-a594-4190-a675-6dfaa2473952,1500,2026-07-20,2026-07-21,8c89f646-04f0-4fce-a9ad-ace4672cbffc,active,null,false,null,1500
1c1ef202-0fb1-4033-a828-a05994e55432,f45c85a1-b1c0-4c08-a39c-a9c70d355716,a9d61440-474b-47cb-869d-cc8c3a6fd85d,1500,2026-07-22,2026-07-23,8c89f646-04f0-4fce-a9ad-ace4672cbffc,active,null,false,null,1500
7a03a9b2-7b39-47ae-b258-823a8eb123d3,d117805f-e003-419b-a9ee-6397cd9efbe7,181a5816-87f3-4eab-a24f-67f20dbe8732,1000,2026-07-22,2026-07-23,8c89f646-04f0-4fce-a9ad-ace4672cbffc,active,null,false,null,1000
269c6526-d4a6-4b05-8e68-7fed96c72388,19b20540-3bf4-404f-b4b9-7ce60ae97d49,d2430a3d-466b-41de-b76f-1f3e0ee63db9,1500,2026-07-23,2026-07-24,8c89f646-04f0-4fce-a9ad-ace4672cbffc,active,null,false,null,1500
9b38a339-9b32-47b8-a078-73c3ac1ac40b,0da9eec1-fc75-4eb1-a75c-e302342fb106,a9d61440-474b-47cb-869d-cc8c3a6fd85d,1500,2026-07-24,2026-07-25,8c89f646-04f0-4fce-a9ad-ace4672cbffc,active,null,false,null,1500
99c62608-d68d-490e-9044-f13967aaf491,58ec99c2-b47e-481a-98d6-64260a10ce26,2ed283c4-e5b5-43e2-a407-9f078bae20b5,800,2026-07-24,2026-07-25,8c89f646-04f0-4fce-a9ad-ace4672cbffc,active,null,false,null,800
95592ccd-a023-40e7-ad16-79b4887297ba,58ec99c2-b47e-481a-98d6-64260a10ce26,b11bc852-37b9-4490-acff-3d69f6685b18,800,2026-07-24,2026-07-25,8c89f646-04f0-4fce-a9ad-ace4672cbffc,active,null,false,null,800
d38d31a8-b533-472b-944e-4d46ab303e20,09d2bce8-2b2c-428b-b87c-0127aa4d8be3,edebdb9a-255d-42dd-ab59-43175bfab221,1700,2026-07-24,2026-07-25,8c89f646-04f0-4fce-a9ad-ace4672cbffc,active,null,false,null,1700
f57655a2-a274-4106-b4c8-44bee76b93cd,2d9d9e27-351c-4e21-ab09-e85085039cdb,bf514472-eae7-4676-b9ed-4576e174ee3a,800,2026-07-25,2026-07-26,8c89f646-04f0-4fce-a9ad-ace4672cbffc,active,null,false,null,800
b56acd65-6c53-4bd9-97da-52125084ba30,56c986a4-b2bb-4581-8903-172886f9fa06,305c251d-ebb3-4055-8be3-d74b8a5f9f71,1000,2026-07-26,2026-07-27,8c89f646-04f0-4fce-a9ad-ace4672cbffc,active,null,false,null,1000
17091707-ed17-4d28-a08b-3348975a8002,a7e48dbf-c2e0-4177-84f0-b867c584f7b2,e9be6ddc-92f2-4610-9448-8f6682f3195d,800,2026-07-26,2026-07-27,8c89f646-04f0-4fce-a9ad-ace4672cbffc,active,null,false,null,800
9002a338-f3a3-4ed9-ab5d-52685d62000c,cab0c7ee-900d-4b39-9012-cd150d6a2699,4b7f2d43-7bf3-481a-a9c8-161bb4deb0b1,700,2026-07-26,2026-07-27,8c89f646-04f0-4fce-a9ad-ace4672cbffc,active,null,false,null,700
6f1a3f83-46c8-4083-aeb1-1f45a2b3cfee,a658950b-7491-4718-9215-6607864cecee,95d82151-a594-4190-a675-6dfaa2473952,1500,2026-07-26,2026-07-27,8c89f646-04f0-4fce-a9ad-ace4672cbffc,active,null,false,null,1500
31934e97-4b46-46f0-a48b-f6f6ab0cc670,ebb3ed0e-1e0d-4276-b5dc-59d4d58fc0d3,181a5816-87f3-4eab-a24f-67f20dbe8732,1000,2026-07-27,2026-07-28,8c89f646-04f0-4fce-a9ad-ace4672cbffc,active,null,false,null,1000
f5b9ba7e-8e7b-43b5-81d0-1d3a187f4703,d41f480e-6010-46fd-a4b5-ce3d9e3f73d6,3bedd485-d825-4d4c-8539-b1b1fbef950d,1000,2026-07-29,2026-07-30,eab0c5cb-80fc-499b-8497-7946cac6bc08,active,null,false,null,1000
4abd3cb0-43f6-4be4-967c-f50333378e7c,f2283b35-4d0b-473d-969d-895bf3691e8f,414a09a2-dde8-40af-8ae0-aa0f1b5e7058,1000,2026-07-29,2026-07-30,eab0c5cb-80fc-499b-8497-7946cac6bc08,active,null,false,null,1000
f5536bec-6aa4-4bef-a98e-ffffb6ce1f39,a88d8d9b-7623-434e-8f8a-122ff1294aa3,fe114973-2e40-447a-8804-74d02ac4bf4b,500,2026-07-29,2026-07-30,eab0c5cb-80fc-499b-8497-7946cac6bc08,active,null,false,null,500
0451f5b7-2ecc-475b-9297-b7aaa369a670,71cbc7ae-de9d-4e8b-9aed-9163cbc66582,fe114973-2e40-447a-8804-74d02ac4bf4b,500,2026-07-29,2026-07-30,eab0c5cb-80fc-499b-8497-7946cac6bc08,active,null,false,null,500
dc34dcc9-a85b-41bb-a387-289e6c068360,ee356226-93ca-48e8-8ee7-c70b9141a55a,a9d61440-474b-47cb-869d-cc8c3a6fd85d,1500,2026-07-31,2026-08-01,8c89f646-04f0-4fce-a9ad-ace4672cbffc,active,null,false,null,1500
4ce8733e-393f-4835-81aa-9ecb31ca3f67,a423ef6a-85d3-47d8-8276-d925e90c81ab,181a5816-87f3-4eab-a24f-67f20dbe8732,1000,2026-07-31,2026-08-01,8c89f646-04f0-4fce-a9ad-ace4672cbffc,active,null,false,null,1000
153d67e7-dba2-4a42-8f17-2a52862d0a47,581fb7a9-a0ff-4d08-b8b4-ed350d47b451,54c5c34d-6c86-4cab-b53d-adc247523f02,1800,2026-08-01,2026-08-02,8c89f646-04f0-4fce-a9ad-ace4672cbffc,active,null,false,null,1800