id,created_at,client_id,start_date,end_date,total_price,status,notes,order_number,security_deposit,user_id
a24e739e-3143-4059-9156-cdd8f0b866e7,2026-02-07 08:30:00.40751+00,e92dd4d3-7514-4eb0-8001-81faefd71039,null,null,1000,completed,null,158,null,eab0c5cb-80fc-499b-8497-7946cac6bc08
27e93e47-9d68-498c-ac3e-03b173925a21,2026-02-07 08:36:23.08401+00,5ef4c8a7-4306-4e90-8b64-7b3338713621,null,null,1000,completed,null,159,null,eab0c5cb-80fc-499b-8497-7946cac6bc08
4e8c74b7-5d84-4421-8f1b-347a0b40612d,2026-02-07 08:37:36.30511+00,5ef4c8a7-4306-4e90-8b64-7b3338713621,null,null,1000,completed,null,160,null,eab0c5cb-80fc-499b-8497-7946cac6bc08
21837284-2137-4dba-9e16-0d0cbaea1dc8,2026-02-07 08:40:26.108301+00,5ef4c8a7-4306-4e90-8b64-7b3338713621,null,null,1000,completed,null,161,null,eab0c5cb-80fc-499b-8497-7946cac6bc08
101ed150-bf08-4533-a1de-51b363543389,2026-02-07 08:42:56.562131+00,5ef4c8a7-4306-4e90-8b64-7b3338713621,null,null,1000,completed,null,162,null,eab0c5cb-80fc-499b-8497-7946cac6bc08
7d897eba-485e-4ca9-9263-0688ceef62c7,2026-02-07 08:46:50.872312+00,5ef4c8a7-4306-4e90-8b64-7b3338713621,null,null,1000,completed,null,163,null,eab0c5cb-80fc-499b-8497-7946cac6bc08
2e2b9da2-6dff-443b-87b9-b8397b5eb7c2,2026-02-07 08:49:29.276134+00,5ef4c8a7-4306-4e90-8b64-7b3338713621,null,null,1000,completed,null,164,null,eab0c5cb-80fc-499b-8497-7946cac6bc08
e229f06f-8ae0-40b5-a7a2-b2c6b4ac882f,2026-02-07 08:53:27.252938+00,5ef4c8a7-4306-4e90-8b64-7b3338713621,null,null,1000,completed,null,165,null,eab0c5cb-80fc-499b-8497-7946cac6bc08
cb1dbd8d-7cab-4c78-8603-3970fa82ad75,2026-02-07 09:22:47.286598+00,5ef4c8a7-4306-4e90-8b64-7b3338713621,null,null,1000,completed,null,166,null,eab0c5cb-80fc-499b-8497-7946cac6bc08
b17eb417-6f65-4b1e-9e82-cecb387f5a5b,2026-02-07 09:23:32.997693+00,5ef4c8a7-4306-4e90-8b64-7b3338713621,null,null,1000,completed,null,167,null,eab0c5cb-80fc-499b-8497-7946cac6bc08
3a8b47e1-8807-4b40-8de5-635554717c4c,2026-02-07 09:29:55.482224+00,5ef4c8a7-4306-4e90-8b64-7b3338713621,null,null,1000,completed,null,168,null,eab0c5cb-80fc-499b-8497-7946cac6bc08
81bbfcad-79e6-46be-907d-8d533984acab,2026-02-07 09:49:22.603566+00,5ef4c8a7-4306-4e90-8b64-7b3338713621,null,null,1000,completed,null,169,null,eab0c5cb-80fc-499b-8497-7946cac6bc08
abd39614-40a6-40e6-b964-421fea322b32,2026-02-08 06:01:57.536402+00,3e17dee8-75ab-4ea6-adc4-c9d37540161e,null,null,2100,completed,null,171,null,eab0c5cb-80fc-499b-8497-7946cac6bc08
06fdc0a0-87e5-4dca-a9f2-737716aff448,2026-02-22 09:52:58.09615+00,8bd5d6d1-8fd6-4447-a7a7-f2181c62c370,null,null,1500,completed,null,196,3000,eab0c5cb-80fc-499b-8497-7946cac6bc08
227bd3a6-7ded-4b4b-a4e8-82376a73eb40,2026-02-15 10:46:40.351416+00,63dda0d3-9519-47d7-a433-3fc8ebdbba39,null,null,300,completed,null,174,null,eab0c5cb-80fc-499b-8497-7946cac6bc08
791fe410-63ea-4d36-84ed-52cdea0839b4,2026-02-13 07:04:04.323454+00,3e17dee8-75ab-4ea6-adc4-c9d37540161e,null,null,4000,completed,null,173,null,eab0c5cb-80fc-499b-8497-7946cac6bc08
eff002fe-39f3-4f2f-9272-872494594699,2026-02-15 12:36:48.957566+00,8aa13296-9064-48dc-a824-47a01ba1d6c5,null,null,1500,completed,null,175,null,eab0c5cb-80fc-499b-8497-7946cac6bc08
a092ae2d-dc6a-401b-a449-d38b80aec414,2026-02-15 12:37:48.789518+00,8aa13296-9064-48dc-a824-47a01ba1d6c5,null,null,1700,completed,null,176,null,eab0c5cb-80fc-499b-8497-7946cac6bc08
c70ce18d-6ad4-49f1-9bac-357e74f80a88,2026-02-16 09:28:20.384092+00,5d5a8bde-b29d-4a20-9ccf-6abb7be0c224,null,null,2000,completed,null,179,null,eab0c5cb-80fc-499b-8497-7946cac6bc08
80ac9663-c075-402b-b747-e34f241b8558,2026-02-18 09:04:05.40879+00,8bd5d6d1-8fd6-4447-a7a7-f2181c62c370,null,null,1500,completed,null,180,null,eab0c5cb-80fc-499b-8497-7946cac6bc08
ef790002-792d-46f1-b8b7-733b3c8b6f56,2026-02-16 09:26:52.682805+00,8ae3a286-88e7-43c6-baf2-499ec1ff9f1c,null,null,1000,completed,null,178,null,eab0c5cb-80fc-499b-8497-7946cac6bc08
b8f45e2d-4935-4338-b158-101a8ff1b7ce,2026-02-18 10:02:55.985624+00,8bd5d6d1-8fd6-4447-a7a7-f2181c62c370,null,null,1500,completed,null,182,5000,eab0c5cb-80fc-499b-8497-7946cac6bc08
d450719d-8b79-4e23-92c4-b9825534c52c,2026-02-18 10:07:09.917816+00,8bd5d6d1-8fd6-4447-a7a7-f2181c62c370,null,null,1500,completed,null,183,5000,eab0c5cb-80fc-499b-8497-7946cac6bc08
e8d13c67-2ba2-4d36-9578-1efa45d0c56f,2026-02-18 10:14:30.566861+00,8bd5d6d1-8fd6-4447-a7a7-f2181c62c370,null,null,500,completed,null,184,3000,eab0c5cb-80fc-499b-8497-7946cac6bc08
2ac495eb-e2db-452f-a165-d65f91edd0c3,2026-02-18 10:22:36.484863+00,8bd5d6d1-8fd6-4447-a7a7-f2181c62c370,null,null,1500,completed,null,185,5000,eab0c5cb-80fc-499b-8497-7946cac6bc08
64595e52-41fc-4915-be84-36adc5d343f3,2026-02-18 10:28:59.19376+00,8bd5d6d1-8fd6-4447-a7a7-f2181c62c370,null,null,1500,completed,null,186,5000,eab0c5cb-80fc-499b-8497-7946cac6bc08
6e6620c1-9322-477f-a985-8848ddf20de8,2026-02-18 10:33:27.279367+00,8bd5d6d1-8fd6-4447-a7a7-f2181c62c370,null,null,1500,cancelled,null,187,5000,eab0c5cb-80fc-499b-8497-7946cac6bc08
d4634d5d-b990-43ce-8a7e-374f786ee7c2,2026-02-18 09:26:05.007481+00,8bd5d6d1-8fd6-4447-a7a7-f2181c62c370,null,null,2000,cancelled,null,181,null,eab0c5cb-80fc-499b-8497-7946cac6bc08
e57c5bf3-9a2e-406b-b8b3-d882fc8bf8e8,2026-02-19 07:49:05.797879+00,8bd5d6d1-8fd6-4447-a7a7-f2181c62c370,null,null,1000,completed,null,189,null,eab0c5cb-80fc-499b-8497-7946cac6bc08
352b5908-ec11-4821-b5c3-e171a344d4ea,2026-02-20 09:10:46.577653+00,8bd5d6d1-8fd6-4447-a7a7-f2181c62c370,null,null,500,completed,null,190,null,eab0c5cb-80fc-499b-8497-7946cac6bc08
91db1e29-68f6-4fe0-adeb-67b8ecc1d8c6,2026-02-20 12:25:45.212369+00,8bd5d6d1-8fd6-4447-a7a7-f2181c62c370,null,null,1077,completed,null,191,null,eab0c5cb-80fc-499b-8497-7946cac6bc08
d702b101-b82d-40b0-abc1-19f8f4cdd1a6,2026-02-22 09:32:51.275969+00,8bd5d6d1-8fd6-4447-a7a7-f2181c62c370,null,null,500,completed,null,194,1000,eab0c5cb-80fc-499b-8497-7946cac6bc08
4390c384-bacc-456a-a791-2bb59af95a71,2026-02-22 09:50:56.045894+00,8bd5d6d1-8fd6-4447-a7a7-f2181c62c370,null,null,500,completed,null,195,1100,eab0c5cb-80fc-499b-8497-7946cac6bc08
03592dc0-4718-46ba-be65-7b4c3c42115a,2026-02-22 09:24:25.818427+00,8bd5d6d1-8fd6-4447-a7a7-f2181c62c370,null,null,500,completed,null,193,null,eab0c5cb-80fc-499b-8497-7946cac6bc08
2169abd2-3e5b-4e03-8299-7a70349dab4e,2026-02-22 10:36:57.199366+00,8bd5d6d1-8fd6-4447-a7a7-f2181c62c370,null,null,500,completed,null,198,null,eab0c5cb-80fc-499b-8497-7946cac6bc08
cdc7559d-961b-49fe-8f32-43ad335e56b2,2026-02-15 13:12:31.832327+00,8aa13296-9064-48dc-a824-47a01ba1d6c5,null,null,19500,completed,null,177,null,eab0c5cb-80fc-499b-8497-7946cac6bc08
81cb4400-3923-4e3c-ab95-8802d4d17571,2026-02-22 09:23:17.59215+00,8bd5d6d1-8fd6-4447-a7a7-f2181c62c370,null,null,6000,completed,null,192,null,eab0c5cb-80fc-499b-8497-7946cac6bc08
79815fa7-0d02-4d54-a285-4299ca407a90,2026-02-22 09:55:28.031109+00,8bd5d6d1-8fd6-4447-a7a7-f2181c62c370,null,null,3000,completed,null,197,null,eab0c5cb-80fc-499b-8497-7946cac6bc08
7d0ffdd9-9100-4c6d-8ced-3c7224231261,2026-02-22 10:53:14.203331+00,8bd5d6d1-8fd6-4447-a7a7-f2181c62c370,null,null,5000,completed,null,199,581,eab0c5cb-80fc-499b-8497-7946cac6bc08
d0b45736-fd1a-47a0-a71c-caca24f4fff5,2026-02-28 05:17:11.775533+00,a74b19cd-e096-4047-a9e2-3ef16a77922d,null,null,4000,completed,null,200,null,eab0c5cb-80fc-499b-8497-7946cac6bc08
256868c0-64d2-4621-a2c7-bde297f1a7f3,2026-03-09 09:17:06.402466+00,8bd5d6d1-8fd6-4447-a7a7-f2181c62c370,null,null,1000,completed,null,232,null,eab0c5cb-80fc-499b-8497-7946cac6bc08
556b5a02-25a7-46f3-a228-d7f677f27e09,2026-03-04 09:29:55.554037+00,8bd5d6d1-8fd6-4447-a7a7-f2181c62c370,null,null,100,completed,null,203,null,eab0c5cb-80fc-499b-8497-7946cac6bc08
b3bf2fb2-1f55-4627-8495-75d3dcde69f7,2026-03-04 07:06:20.134469+00,8bd5d6d1-8fd6-4447-a7a7-f2181c62c370,null,null,3000,completed,null,201,null,eab0c5cb-80fc-499b-8497-7946cac6bc08
59f55ab3-01c8-41fa-90de-bfc7d763fbae,2026-03-09 09:26:34.075848+00,8bd5d6d1-8fd6-4447-a7a7-f2181c62c370,null,null,1600,completed,null,233,null,eab0c5cb-80fc-499b-8497-7946cac6bc08
75d04a32-ff12-407a-83be-a66a496decdc,2026-03-09 12:25:09.752133+00,20b93dce-850f-4510-93f4-8c71bd06bc0d,null,null,800,completed,null,236,228,eab0c5cb-80fc-499b-8497-7946cac6bc08
d3a90b45-922c-4b26-afd0-16eaf13d8583,2026-03-09 07:03:04.241497+00,8bd5d6d1-8fd6-4447-a7a7-f2181c62c370,null,null,1500,completed,null,221,null,eab0c5cb-80fc-499b-8497-7946cac6bc08
54cf0519-f527-4fc2-99bc-aa909a2d0a6b,2026-03-04 09:26:02.175507+00,8bd5d6d1-8fd6-4447-a7a7-f2181c62c370,null,null,4000,completed,null,202,null,eab0c5cb-80fc-499b-8497-7946cac6bc08
6c5eb8f5-c149-4257-9942-bf470157f464,2026-03-06 09:40:04.568538+00,bcf48838-5d97-4e6d-84d0-739936d7235b,null,null,3000,completed,null,209,888,eab0c5cb-80fc-499b-8497-7946cac6bc08
2bdce827-13d8-4220-bcf3-49bf96446833,2026-03-06 11:48:33.167375+00,8bd5d6d1-8fd6-4447-a7a7-f2181c62c370,null,null,1000,completed,null,212,null,eab0c5cb-80fc-499b-8497-7946cac6bc08
de35922d-81db-4eb4-9100-27e68f187bc1,2026-03-06 09:34:47.465796+00,8bd5d6d1-8fd6-4447-a7a7-f2181c62c370,null,null,5000,completed,null,208,7550,eab0c5cb-80fc-499b-8497-7946cac6bc08
0ef9ec51-8a8f-4578-8c12-e73b84b226ee,2026-03-06 13:07:35.729782+00,8bd5d6d1-8fd6-4447-a7a7-f2181c62c370,null,null,3000,completed,Залупа,219,null,eab0c5cb-80fc-499b-8497-7946cac6bc08
15e21f17-05d9-4fde-ab3f-a709500555fd,2026-03-05 07:23:06.647303+00,8bd5d6d1-8fd6-4447-a7a7-f2181c62c370,null,null,2000,completed,null,207,null,eab0c5cb-80fc-499b-8497-7946cac6bc08
2f1473ea-3c55-41b2-9316-83ff8e13fbb6,2026-03-09 07:00:54.080659+00,8bd5d6d1-8fd6-4447-a7a7-f2181c62c370,null,null,1500,completed,null,220,null,eab0c5cb-80fc-499b-8497-7946cac6bc08
2aedc2ef-c2fb-4805-b014-ca6d578d165c,2026-03-09 07:54:39.053443+00,8bd5d6d1-8fd6-4447-a7a7-f2181c62c370,null,null,1500,completed,null,222,null,eab0c5cb-80fc-499b-8497-7946cac6bc08
29c8e73a-f3f4-49a0-8633-8d50d7047ea4,2026-03-09 12:41:58.717195+00,c6039f37-9919-42c2-b50d-ec54e3d612ce,null,null,500,completed,null,239,1200,eab0c5cb-80fc-499b-8497-7946cac6bc08
52f07390-7d4f-4d88-a800-2132410d67b7,2026-03-09 12:41:07.797981+00,20b93dce-850f-4510-93f4-8c71bd06bc0d,null,null,1000,completed,null,238,1200,eab0c5cb-80fc-499b-8497-7946cac6bc08
2ec959cc-544c-4368-9b8c-023318149bf8,2026-03-09 07:55:45.497327+00,8bd5d6d1-8fd6-4447-a7a7-f2181c62c370,null,null,1611,completed,null,223,null,eab0c5cb-80fc-499b-8497-7946cac6bc08
1ece84f0-1242-4a80-bb1a-a69cb290bf23,2026-03-09 07:57:51.438111+00,8bd5d6d1-8fd6-4447-a7a7-f2181c62c370,null,null,1500,completed,null,224,null,eab0c5cb-80fc-499b-8497-7946cac6bc08
ca613071-7944-457e-aba2-9787f5337ba9,2026-03-09 08:17:27.910728+00,8bd5d6d1-8fd6-4447-a7a7-f2181c62c370,null,null,1589,completed,null,225,null,eab0c5cb-80fc-499b-8497-7946cac6bc08
c1465d9a-fc29-4d49-ad4f-f48000d70f42,2026-03-09 13:17:58.296154+00,8bd5d6d1-8fd6-4447-a7a7-f2181c62c370,null,null,500,completed,null,242,null,eab0c5cb-80fc-499b-8497-7946cac6bc08
6ac25eac-56b3-4e7e-996f-f1b092672c5b,2026-03-09 08:25:41.199666+00,8bd5d6d1-8fd6-4447-a7a7-f2181c62c370,null,null,2500,completed,null,226,555,eab0c5cb-80fc-499b-8497-7946cac6bc08
fbe22d68-5a5b-4d5e-b479-ecf66e4cdf43,2026-03-09 08:31:52.873106+00,8bd5d6d1-8fd6-4447-a7a7-f2181c62c370,null,null,1400,completed,null,227,777,eab0c5cb-80fc-499b-8497-7946cac6bc08
6eefe584-4c3e-4714-86c9-8dbb2413387f,2026-03-09 08:36:24.901915+00,8bd5d6d1-8fd6-4447-a7a7-f2181c62c370,null,null,1445,completed,null,228,555,eab0c5cb-80fc-499b-8497-7946cac6bc08
4b441ec2-1c86-4b8c-8dac-5b6b348353d8,2026-03-09 08:53:36.200687+00,8bd5d6d1-8fd6-4447-a7a7-f2181c62c370,null,null,1445,completed,null,229,444,eab0c5cb-80fc-499b-8497-7946cac6bc08
21723190-b489-4f8d-a157-9355dfa447ed,2026-03-09 09:03:30.753193+00,8bd5d6d1-8fd6-4447-a7a7-f2181c62c370,null,null,800,completed,null,230,100,eab0c5cb-80fc-499b-8497-7946cac6bc08
e99725f9-1eb8-4ecf-b275-8e7a3c6de2a2,2026-03-09 09:06:50.656365+00,8bd5d6d1-8fd6-4447-a7a7-f2181c62c370,null,null,800,completed,null,231,null,eab0c5cb-80fc-499b-8497-7946cac6bc08
65c48071-3f4c-4ed3-8bb6-c209761ae4b9,2026-03-09 14:32:04.885844+00,8bd5d6d1-8fd6-4447-a7a7-f2181c62c370,null,null,1000,completed,null,244,null,eab0c5cb-80fc-499b-8497-7946cac6bc08
cd997eef-99b6-4d90-b7e2-a2e2557f90f9,2026-03-09 15:13:46.000491+00,8bd5d6d1-8fd6-4447-a7a7-f2181c62c370,null,null,500,completed,null,246,null,eab0c5cb-80fc-499b-8497-7946cac6bc08
ca97bd01-fa00-478b-8378-00fb3f661e28,2026-03-09 15:18:30.115326+00,8bd5d6d1-8fd6-4447-a7a7-f2181c62c370,null,null,500,completed,null,247,null,eab0c5cb-80fc-499b-8497-7946cac6bc08
7cc0d9ec-295f-45c7-8c27-12886d080bd6,2026-03-09 15:46:37.03333+00,8bd5d6d1-8fd6-4447-a7a7-f2181c62c370,null,null,500,completed,null,248,null,eab0c5cb-80fc-499b-8497-7946cac6bc08
ca122202-02fa-4ed0-8407-3d709b8ca06f,2026-03-09 15:53:35.427517+00,8bd5d6d1-8fd6-4447-a7a7-f2181c62c370,null,null,500,completed,null,249,null,eab0c5cb-80fc-499b-8497-7946cac6bc08
e109b9c3-8eab-44d7-a044-56f61131b8d1,2026-03-09 15:55:50.377514+00,8bd5d6d1-8fd6-4447-a7a7-f2181c62c370,null,null,500,completed,null,250,null,eab0c5cb-80fc-499b-8497-7946cac6bc08
71cc2683-00b3-4dc3-b131-cbd2873b7c8b,2026-03-09 15:57:57.062266+00,8bd5d6d1-8fd6-4447-a7a7-f2181c62c370,null,null,500,completed,null,251,null,eab0c5cb-80fc-499b-8497-7946cac6bc08
3cf2a224-0734-4780-b5c6-008cf6077725,2026-03-09 16:03:15.808339+00,8bd5d6d1-8fd6-4447-a7a7-f2181c62c370,null,null,500,completed,null,252,1200,eab0c5cb-80fc-499b-8497-7946cac6bc08
a12e6a4e-eb63-4384-9e42-1aa230c47cc7,2026-03-09 16:08:54.057678+00,8bd5d6d1-8fd6-4447-a7a7-f2181c62c370,null,null,500,completed,null,253,226,eab0c5cb-80fc-499b-8497-7946cac6bc08
f6e78871-64b1-42fb-b022-47cf18b077b7,2026-03-09 16:15:56.368452+00,8bd5d6d1-8fd6-4447-a7a7-f2181c62c370,null,null,500,completed,null,254,123,eab0c5cb-80fc-499b-8497-7946cac6bc08
9aa8c348-49bb-4439-b0ac-ab7a9dfcf156,2026-03-09 16:17:46.968002+00,8bd5d6d1-8fd6-4447-a7a7-f2181c62c370,null,null,500,completed,null,255,null,eab0c5cb-80fc-499b-8497-7946cac6bc08
0777bf31-20df-4d1a-8af2-ffe0b8c1d334,2026-03-09 16:18:49.438309+00,8bd5d6d1-8fd6-4447-a7a7-f2181c62c370,null,null,500,completed,null,256,null,eab0c5cb-80fc-499b-8497-7946cac6bc08
078fccb5-8a68-4d71-ba61-490203185239,2026-03-09 16:19:37.345422+00,8bd5d6d1-8fd6-4447-a7a7-f2181c62c370,null,null,500,completed,null,257,null,eab0c5cb-80fc-499b-8497-7946cac6bc08
9a7844bf-5761-4517-ac37-7dcc2e7b7e8e,2026-03-09 16:24:23.049858+00,8bd5d6d1-8fd6-4447-a7a7-f2181c62c370,null,null,500,completed,null,258,1221,eab0c5cb-80fc-499b-8497-7946cac6bc08
2265645d-090e-4aef-a9d9-2710fc1ec54b,2026-03-09 16:26:13.897412+00,8bd5d6d1-8fd6-4447-a7a7-f2181c62c370,null,null,500,completed,null,259,null,eab0c5cb-80fc-499b-8497-7946cac6bc08
cc4b4f8d-5aad-443d-876a-994705d12b98,2026-03-09 16:43:02.437416+00,8bd5d6d1-8fd6-4447-a7a7-f2181c62c370,null,null,500,completed,null,260,null,eab0c5cb-80fc-499b-8497-7946cac6bc08
fd841353-e2e8-4ad8-b2c0-fcb475ab0c60,2026-03-09 15:11:47.216856+00,8bd5d6d1-8fd6-4447-a7a7-f2181c62c370,null,null,1000,completed,null,245,null,eab0c5cb-80fc-499b-8497-7946cac6bc08
089ab939-9083-4c23-96e7-b13129208c10,2026-03-09 13:56:51.430834+00,8bd5d6d1-8fd6-4447-a7a7-f2181c62c370,null,null,500,completed,null,243,222,eab0c5cb-80fc-499b-8497-7946cac6bc08
e463a43d-05ce-4979-bbc9-0c58981fa599,2026-03-09 12:43:39.117788+00,20b93dce-850f-4510-93f4-8c71bd06bc0d,null,null,1000,completed,null,240,100,eab0c5cb-80fc-499b-8497-7946cac6bc08
da8a2d08-4196-492f-a2a4-049b04dd97f5,2026-03-09 17:03:26.658493+00,8bd5d6d1-8fd6-4447-a7a7-f2181c62c370,null,null,1000,completed,null,263,null,eab0c5cb-80fc-499b-8497-7946cac6bc08
5d6e8eb8-a21a-456f-a425-50281f42a9ea,2026-03-09 16:59:54.046506+00,8bd5d6d1-8fd6-4447-a7a7-f2181c62c370,null,null,500,completed,null,262,null,eab0c5cb-80fc-499b-8497-7946cac6bc08
136cf828-831d-495b-b3ea-a7354f633fcb,2026-03-09 16:47:02.957483+00,8bd5d6d1-8fd6-4447-a7a7-f2181c62c370,null,null,1000,completed,null,261,null,eab0c5cb-80fc-499b-8497-7946cac6bc08
2e26492e-8fa3-4a4b-ae89-8fa1ac358923,2026-03-09 12:27:55.700818+00,20b93dce-850f-4510-93f4-8c71bd06bc0d,null,null,1000,completed,null,237,1200,eab0c5cb-80fc-499b-8497-7946cac6bc08
83d41e1d-ed75-476e-8c59-6ec845f7ee03,2026-03-09 09:49:48.038009+00,8bd5d6d1-8fd6-4447-a7a7-f2181c62c370,null,null,3000,completed,null,235,800,eab0c5cb-80fc-499b-8497-7946cac6bc08
b2ea98e5-d354-430d-9823-5f50e942295c,2026-03-09 09:28:47.843976+00,8bd5d6d1-8fd6-4447-a7a7-f2181c62c370,null,null,7500,completed,jkkjkjkjkk,234,null,eab0c5cb-80fc-499b-8497-7946cac6bc08
4b8cda1e-90b7-44fb-8993-8d03e2b871d6,2026-03-09 17:13:44.791998+00,8bd5d6d1-8fd6-4447-a7a7-f2181c62c370,null,null,500,completed,null,264,null,eab0c5cb-80fc-499b-8497-7946cac6bc08
ed07c9c1-c16b-4695-937b-9c86bfa1942f,2026-03-09 17:19:27.926732+00,8bd5d6d1-8fd6-4447-a7a7-f2181c62c370,null,null,500,completed,null,265,null,eab0c5cb-80fc-499b-8497-7946cac6bc08
b3e998d8-3a72-47c6-ad4b-de43e30df4e6,2026-03-09 17:29:03.305692+00,8bd5d6d1-8fd6-4447-a7a7-f2181c62c370,null,null,500,completed,null,266,null,eab0c5cb-80fc-499b-8497-7946cac6bc08
6036975a-d978-490c-9c67-c03f7f149d07,2026-03-10 05:40:38.736927+00,8bd5d6d1-8fd6-4447-a7a7-f2181c62c370,null,null,1000,completed,null,268,null,eab0c5cb-80fc-499b-8497-7946cac6bc08
be207b2d-a771-461f-8797-5b5d133ed0d3,2026-03-10 05:33:22.804535+00,8bd5d6d1-8fd6-4447-a7a7-f2181c62c370,null,null,500,completed,null,267,null,eab0c5cb-80fc-499b-8497-7946cac6bc08
097fc6c3-ca79-4011-bbda-27fcb8cd7893,2026-03-10 06:01:29.593744+00,8bd5d6d1-8fd6-4447-a7a7-f2181c62c370,null,null,1000,completed,null,270,null,eab0c5cb-80fc-499b-8497-7946cac6bc08
9aac199e-c778-4750-bef5-38b28e8a0c7d,2026-03-10 05:42:20.544557+00,8bd5d6d1-8fd6-4447-a7a7-f2181c62c370,null,null,1000,completed,null,269,null,eab0c5cb-80fc-499b-8497-7946cac6bc08
c9f72386-00a1-41af-a387-ab1f7fc10a76,2026-03-10 11:02:03.230982+00,8bd5d6d1-8fd6-4447-a7a7-f2181c62c370,null,null,400,completed,null,273,null,eab0c5cb-80fc-499b-8497-7946cac6bc08
7b51955b-33f3-42c1-8e2f-82d6ec9cca67,2026-03-11 10:42:33.606073+00,1c7d4e35-d3e8-46a2-8243-d9c389124255,null,null,500,completed,null,276,null,eab0c5cb-80fc-499b-8497-7946cac6bc08
effd3330-b8d4-4b4c-a2c6-1f0d391b910d,2026-03-10 11:00:26.323406+00,8bd5d6d1-8fd6-4447-a7a7-f2181c62c370,null,null,1000,completed,null,272,null,eab0c5cb-80fc-499b-8497-7946cac6bc08
af3a9b6d-3455-4929-a9f0-e772f4a0cbd7,2026-03-11 09:56:14.531553+00,3589d875-391c-4132-afd7-6996c5a9ecd9,null,null,3000,completed,null,275,null,eab0c5cb-80fc-499b-8497-7946cac6bc08
6cfe13c0-362b-4221-8ef7-a88756c754ef,2026-03-10 10:28:21.928498+00,8bd5d6d1-8fd6-4447-a7a7-f2181c62c370,null,null,3000,completed,null,271,150,eab0c5cb-80fc-499b-8497-7946cac6bc08
1c478367-b10f-4201-88fd-4ba6febe71e0,2026-03-13 08:11:38.720371+00,8bd5d6d1-8fd6-4447-a7a7-f2181c62c370,null,null,2150,completed,null,278,150,eab0c5cb-80fc-499b-8497-7946cac6bc08
b42242b5-db7d-49ad-89f3-d1204eb4588e,2026-03-13 07:08:04.39562+00,2f8d0f01-edb9-41bd-b189-a3019380d1cd,null,null,3150,completed,null,277,150,eab0c5cb-80fc-499b-8497-7946cac6bc08
6d673222-b2cc-4dbb-b1da-b6a8c4b49bbf,2026-03-14 07:47:48.912427+00,2880d9e9-e859-414d-b369-6aa1b500fb84,null,null,6500,completed,null,282,5000,eab0c5cb-80fc-499b-8497-7946cac6bc08
f5a61e91-04ab-4791-abc7-71d39271c2a8,2026-03-14 07:43:45.476438+00,8bd5d6d1-8fd6-4447-a7a7-f2181c62c370,null,null,5000,completed,null,281,3000,eab0c5cb-80fc-499b-8497-7946cac6bc08
cbd40cda-0e2f-401c-a65d-a13bdcae3c31,2026-03-14 07:09:34.362209+00,2880d9e9-e859-414d-b369-6aa1b500fb84,null,null,6500,completed,null,280,5000,eab0c5cb-80fc-499b-8497-7946cac6bc08
1a1c3ac1-3f79-45e5-86f5-3712316cdd9d,2026-03-14 08:14:29.411725+00,2880d9e9-e859-414d-b369-6aa1b500fb84,null,null,3500,completed,null,283,1500,eab0c5cb-80fc-499b-8497-7946cac6bc08
08d1d7db-532f-449b-90b1-d88af08d0dff,2026-03-16 07:07:34.417026+00,63e4a5ff-51be-4471-9ca8-041c9eb6e1dc,null,null,7500,completed,null,285,3000,eab0c5cb-80fc-499b-8497-7946cac6bc08
4222834b-576c-4a87-aee9-7c0c63360fa4,2026-03-16 06:40:23.15748+00,2880d9e9-e859-414d-b369-6aa1b500fb84,null,null,5000,completed,null,284,150,eab0c5cb-80fc-499b-8497-7946cac6bc08
1853a319-d8a5-4f16-bca8-121a77e46252,2026-03-13 08:27:16.815049+00,63e4a5ff-51be-4471-9ca8-041c9eb6e1dc,null,null,17500,completed,null,279,null,eab0c5cb-80fc-499b-8497-7946cac6bc08
12d06d77-c96d-430c-890c-1334d884f77e,2026-03-25 06:47:48.412587+00,2880d9e9-e859-414d-b369-6aa1b500fb84,null,null,2000,completed,null,292,5000,eab0c5cb-80fc-499b-8497-7946cac6bc08
7fbe044f-fad1-4f80-99a0-55da101d6ee1,2026-03-21 06:00:38.232794+00,2880d9e9-e859-414d-b369-6aa1b500fb84,null,null,31500,completed,null,286,3000,eab0c5cb-80fc-499b-8497-7946cac6bc08
34afdf99-e1c6-415f-8759-bc4771a52b1d,2026-03-24 14:51:41.864763+00,63e4a5ff-51be-4471-9ca8-041c9eb6e1dc,null,null,28000,completed,null,290,null,eab0c5cb-80fc-499b-8497-7946cac6bc08
2d393456-4d48-4d8d-9f99-5aa04c3c6e72,2026-05-06 06:53:26.913243+00,244056e4-51ed-41aa-bedf-f4ddc9e01c90,null,null,1000,completed,9611907627,299,null,8c89f646-04f0-4fce-a9ad-ace4672cbffc
f12d30df-bcdf-4ec2-919b-f15721112363,2026-05-07 13:16:47.466418+00,a6030a88-265c-4127-b887-982242104afb,null,null,1000,completed,null,301,null,8c89f646-04f0-4fce-a9ad-ace4672cbffc
02bbb523-f8af-41f9-92bf-7d6838d4ab0d,2026-05-07 06:55:28.923615+00,1d8a6ed5-b46a-41c7-a159-f03b97e5ac98,null,null,3000,completed,null,300,null,8c89f646-04f0-4fce-a9ad-ace4672cbffc
4b359d0b-e99b-4b51-9292-cf40e7d13585,2026-05-08 07:27:00.524396+00,65cd7fdd-7687-4650-85f3-f631c5831b2b,null,null,1200,completed,null,302,null,8c89f646-04f0-4fce-a9ad-ace4672cbffc
8c43afac-a20a-4cf2-ab43-a80dbef821b1,2026-05-12 09:59:07.067283+00,63e4a5ff-51be-4471-9ca8-041c9eb6e1dc,null,null,1500,completed,null,304,333,eab0c5cb-80fc-499b-8497-7946cac6bc08
62302ce7-7d7d-4e8d-883a-02ebcc2e3c39,2026-05-12 11:25:15.194477+00,63e4a5ff-51be-4471-9ca8-041c9eb6e1dc,null,null,700,completed,null,306,333,eab0c5cb-80fc-499b-8497-7946cac6bc08
abefd0e4-c68e-4f5a-bbbb-117dd759eefb,2026-05-12 11:50:25.358142+00,63e4a5ff-51be-4471-9ca8-041c9eb6e1dc,null,null,1100,completed,null,307,null,eab0c5cb-80fc-499b-8497-7946cac6bc08
1b60d21a-a1bc-4a3b-99d7-31ca1d5f5022,2026-05-12 10:03:22.058826+00,63e4a5ff-51be-4471-9ca8-041c9eb6e1dc,null,null,1500,completed,null,305,333,eab0c5cb-80fc-499b-8497-7946cac6bc08
86a449ad-675c-4ca7-a0b1-7dd15b7a254c,2026-06-09 09:46:50.165454+00,8172dc4c-38a9-4545-b875-184317724a1e,null,null,2500,completed,null,334,null,8c89f646-04f0-4fce-a9ad-ace4672cbffc
c5837f63-0dfb-4572-9419-547671b5e505,2026-05-13 08:57:53.119462+00,be31d6cc-9541-41d1-9df5-b9b6bb880bc3,null,null,1500,completed,null,311,null,8c89f646-04f0-4fce-a9ad-ace4672cbffc
b3ac4ba3-5737-4f1f-b145-ec2582c6c27f,2026-05-14 10:24:28.616246+00,1d8a6ed5-b46a-41c7-a159-f03b97e5ac98,null,null,1500,completed,null,313,null,8c89f646-04f0-4fce-a9ad-ace4672cbffc
65b66583-2f1f-4d9a-b18e-6edfc0a120a4,2026-05-14 06:35:36.392922+00,244056e4-51ed-41aa-bedf-f4ddc9e01c90,null,null,800,completed,null,312,null,8c89f646-04f0-4fce-a9ad-ace4672cbffc
0d215dc4-4531-4f9c-9fca-c4e3ae82cff1,2026-05-16 07:09:25.690646+00,244056e4-51ed-41aa-bedf-f4ddc9e01c90,null,null,1200,completed,null,314,null,8c89f646-04f0-4fce-a9ad-ace4672cbffc
4f6929c9-e656-40cb-96d8-44951d3db1d1,2026-05-18 07:34:10.878008+00,f9efc3ba-e0d5-43ea-bda1-25e6db4dbcdb,null,null,1200,completed,null,315,null,8c89f646-04f0-4fce-a9ad-ace4672cbffc
16f2f036-0b04-4ca1-b56c-2cb7eea02230,2026-05-18 11:02:17.965587+00,8b4ad6dd-9ffa-46ef-9d14-a2cfc2d6db12,null,null,700,completed,null,316,null,8c89f646-04f0-4fce-a9ad-ace4672cbffc
7512d414-08e0-416c-a8c1-0aebbe84383e,2026-05-19 07:37:25.154399+00,4b5dd043-ba1a-4648-b300-e6a7f7e59a31,null,null,1200,completed,null,317,null,8c89f646-04f0-4fce-a9ad-ace4672cbffc
75750638-993f-437f-b5df-4e7630d92d9c,2026-05-20 09:36:28.902002+00,6d156b25-fc13-452f-800a-15a25ce2daeb,null,null,1700,completed,null,318,null,8c89f646-04f0-4fce-a9ad-ace4672cbffc
8dfcd4c6-f11d-47e7-bdbd-43b0869addce,2026-05-22 06:58:20.60941+00,74371dac-fa50-4bfa-b491-2cf9b03f1768,null,null,3000,completed,null,319,null,8c89f646-04f0-4fce-a9ad-ace4672cbffc
6a926f45-330b-43af-8bd9-818eb2c34859,2026-05-28 07:23:33.758159+00,4c920570-cb2c-44ec-8460-ff3f41a1e01e,null,null,1500,completed,null,320,null,8c89f646-04f0-4fce-a9ad-ace4672cbffc
271ee14a-4f75-4ac9-9b06-2cd476b70ce4,2026-05-30 11:36:29.928481+00,bd45f3a4-2169-404b-a23d-2f23b05e03d8,null,null,1000,completed,null,322,null,8c89f646-04f0-4fce-a9ad-ace4672cbffc
e223b796-4b7b-400f-a510-d255fbf16d63,2026-03-25 06:24:24.581341+00,2880d9e9-e859-414d-b369-6aa1b500fb84,null,null,67000,completed,null,291,null,eab0c5cb-80fc-499b-8497-7946cac6bc08
bb50bcf4-3bb5-4783-b467-51c927c93756,2026-05-12 12:00:36.489984+00,63e4a5ff-51be-4471-9ca8-041c9eb6e1dc,null,null,19200,completed,null,308,null,eab0c5cb-80fc-499b-8497-7946cac6bc08
58b9f3c9-85aa-4fcf-85aa-368ff813215f,2026-05-31 11:39:58.754746+00,63e4a5ff-51be-4471-9ca8-041c9eb6e1dc,null,null,500,completed,null,323,null,eab0c5cb-80fc-499b-8497-7946cac6bc08
aab59db7-f649-4300-9bdd-e8d107973ecd,2026-05-31 11:42:39.741404+00,63e4a5ff-51be-4471-9ca8-041c9eb6e1dc,null,null,1500,completed,null,324,null,eab0c5cb-80fc-499b-8497-7946cac6bc08
7e547683-daea-471c-9f16-3dbb0f116413,2026-06-07 06:06:45.375974+00,63e4a5ff-51be-4471-9ca8-041c9eb6e1dc,null,null,1000,completed,null,328,null,eab0c5cb-80fc-499b-8497-7946cac6bc08
ed722e2b-7c93-47c3-b9af-d76033ef0918,2026-05-31 11:44:17.009102+00,63e4a5ff-51be-4471-9ca8-041c9eb6e1dc,null,null,2500,completed,null,325,null,eab0c5cb-80fc-499b-8497-7946cac6bc08
d9f6466d-a775-4b16-a92b-6ceb9b2c2bd0,2026-06-06 12:37:13.5586+00,63e4a5ff-51be-4471-9ca8-041c9eb6e1dc,null,null,1000,completed,null,327,null,eab0c5cb-80fc-499b-8497-7946cac6bc08
42530ff4-1055-4539-a293-dd89cac193bf,2026-06-07 10:32:15.960071+00,63e4a5ff-51be-4471-9ca8-041c9eb6e1dc,null,null,500,completed,null,329,200,eab0c5cb-80fc-499b-8497-7946cac6bc08
5fd2b371-20fd-4e3a-abd0-ae1b1efa17fe,2026-06-06 12:26:09.558103+00,63e4a5ff-51be-4471-9ca8-041c9eb6e1dc,null,null,3000,completed,null,326,null,eab0c5cb-80fc-499b-8497-7946cac6bc08
b28feef1-4a28-4af4-a131-4f9e8877a2fc,2026-03-25 06:48:37.565625+00,2880d9e9-e859-414d-b369-6aa1b500fb84,null,null,149500,completed,null,293,5000,eab0c5cb-80fc-499b-8497-7946cac6bc08
13620de3-4d0d-48cf-a97b-6e12335587da,2026-06-08 07:02:50.654272+00,63e4a5ff-51be-4471-9ca8-041c9eb6e1dc,null,null,1500,completed,null,331,null,eab0c5cb-80fc-499b-8497-7946cac6bc08
6b8cb4a5-b920-4b50-9e7c-1783139dda0b,2026-06-08 08:20:57.359546+00,63e4a5ff-51be-4471-9ca8-041c9eb6e1dc,null,null,2500,completed,null,333,357,eab0c5cb-80fc-499b-8497-7946cac6bc08
b1342461-0264-4a43-8af8-6e5884d372db,2026-06-08 08:18:35.700947+00,e64c9498-c9e1-4907-9b08-8a2f9232d082,null,null,700,completed,null,332,3000,8c89f646-04f0-4fce-a9ad-ace4672cbffc
0eecc07c-97f4-4039-854d-a99564aee912,2026-06-08 06:08:24.622984+00,64974fc6-8968-449c-9838-92a980ef5963,null,null,1200,completed,null,330,null,8c89f646-04f0-4fce-a9ad-ace4672cbffc
5e36159f-5167-4a2e-afaa-32e855c3963a,2026-05-29 07:16:55.506494+00,4fb1b304-e79c-42cb-9e34-d3e9c8a1f748,null,null,17000,completed,"четвер включительно 4 число оплатили 5,6.7 тоже бронь",321,10000,8c89f646-04f0-4fce-a9ad-ace4672cbffc
53f2b0e4-bdfd-40c3-a4e3-84ab872509b6,2026-06-10 08:12:10.96159+00,c5a5d6a0-212d-47a3-8db1-fe14e8a2f0a3,null,null,1500,completed,null,335,null,8c89f646-04f0-4fce-a9ad-ace4672cbffc
2235d78c-3028-452c-808b-29515ec6383e,2026-06-11 08:44:38.668356+00,0e3d8ec6-363c-4b10-af6d-0acf22a5d990,null,null,1500,completed,null,336,null,8c89f646-04f0-4fce-a9ad-ace4672cbffc
968afe88-e38e-4756-8c7d-8f766d1d05d6,2026-06-11 09:09:30.37868+00,874239dc-cfe5-438d-92bd-161efeb10394,null,null,2000,completed,null,337,null,8c89f646-04f0-4fce-a9ad-ace4672cbffc
2ce3c5d0-6fba-4194-9a64-a4e6bfd1e321,2026-06-12 08:52:23.656814+00,1d8a6ed5-b46a-41c7-a159-f03b97e5ac98,null,null,1600,completed,null,340,null,8c89f646-04f0-4fce-a9ad-ace4672cbffc
b702a183-f9b6-45ce-90ab-ff1b565a9f10,2026-06-12 08:49:28.052724+00,f9caf965-8742-49cc-a827-34ce5afde9d0,null,null,1800,completed,null,339,null,8c89f646-04f0-4fce-a9ad-ace4672cbffc
878be52e-8ff3-4df7-84a1-fc40f6f7d932,2026-06-12 07:26:17.49251+00,578b78ee-66e9-4257-82ef-14c5e115c44b,null,null,700,completed,null,338,null,8c89f646-04f0-4fce-a9ad-ace4672cbffc
fc9c753b-0629-4ef1-ac27-7a4557d9eebc,2026-06-13 09:11:41.464357+00,40f01b21-5520-405f-bfce-f33e067e9f5b,null,null,1600,completed,null,342,null,8c89f646-04f0-4fce-a9ad-ace4672cbffc
c1e7b0a5-ac3d-4f25-9d1d-c59ad63846f1,2026-06-13 08:51:00.726892+00,a76b1a87-7d5f-4bb4-99bf-3a2623718227,null,null,1200,completed,null,341,null,8c89f646-04f0-4fce-a9ad-ace4672cbffc
5c68a795-4411-4f2e-87b9-1e1c96a602e7,2026-06-15 12:11:51.935177+00,041224f4-b864-4a4a-b17a-fd05d2dd254f,null,null,1300,completed,null,343,null,8c89f646-04f0-4fce-a9ad-ace4672cbffc
b8ebd4b7-4d71-45e1-b1aa-9eef9152022b,2026-06-16 14:15:42.112981+00,fb2b0ccd-7d5d-46ec-b833-9273c7d32b5c,null,null,1500,completed,null,345,null,8c89f646-04f0-4fce-a9ad-ace4672cbffc
4bc0e549-df0c-42af-9cb2-6c052b25c122,2026-06-16 13:47:17.848104+00,63e4a5ff-51be-4471-9ca8-041c9eb6e1dc,null,null,2000,completed,null,344,null,eab0c5cb-80fc-499b-8497-7946cac6bc08
5e3d496b-ad7d-42fa-9aa6-71a41745c41b,2026-06-17 14:55:19.857267+00,93f938e3-aff5-4864-b354-855cc04cdefe,null,null,1500,completed,null,347,null,8c89f646-04f0-4fce-a9ad-ace4672cbffc
5cd7ea08-65c0-4bc7-ad20-5d933e58fdaa,2026-06-17 13:36:48.034481+00,a046eb4e-fb36-445a-a6a8-3f1f735f1824,null,null,800,completed,null,346,null,8c89f646-04f0-4fce-a9ad-ace4672cbffc
fdd1f396-aaef-4327-8401-d55470778f13,2026-06-18 08:33:11.514997+00,283716fe-2eb2-4fc3-990e-db8414174c84,null,null,3000,completed,null,349,null,8c89f646-04f0-4fce-a9ad-ace4672cbffc
4f9c449d-8a8c-4858-bf12-9b29039a0604,2026-06-20 07:25:07.997332+00,648b3356-251a-455f-9783-4c9a87fcdb41,null,null,2000,completed,null,351,null,8c89f646-04f0-4fce-a9ad-ace4672cbffc
917f0f95-64be-4ab3-8f35-1ef393de2401,2026-06-19 10:45:17.835266+00,187bc2be-c0c0-4d21-a354-4d0a79d49fce,null,null,3000,completed,null,350,null,8c89f646-04f0-4fce-a9ad-ace4672cbffc
b0ae6833-f4bb-4a07-a475-bf151c720713,2026-06-23 07:58:55.326568+00,d84779d4-5c7d-4ac9-851d-827e2b9c0904,null,null,700,completed,null,352,null,8c89f646-04f0-4fce-a9ad-ace4672cbffc
ed27c231-23f1-4e4b-9d00-29cdb2d3186f,2026-06-24 06:43:13.698307+00,54b8bb72-d07c-4a72-b3e3-c506b6296a4d,null,null,1500,completed,null,353,null,8c89f646-04f0-4fce-a9ad-ace4672cbffc
aec8b211-c36b-4c75-82f7-93a968609ef5,2026-06-18 07:55:33.953345+00,63e4a5ff-51be-4471-9ca8-041c9eb6e1dc,null,null,1600,active,Тестовая заметка,348,333,eab0c5cb-80fc-499b-8497-7946cac6bc08
623e9702-ae75-4fed-bf1b-435970d8b43a,2026-06-25 08:43:32.170867+00,47d8c3d8-6281-4110-8779-1484cc1799e0,null,null,1500,completed,null,354,null,8c89f646-04f0-4fce-a9ad-ace4672cbffc
5fa304ab-25e3-4d6a-bb7b-770d1e398c1d,2026-06-26 13:24:40.844594+00,68fa9fc4-d22b-40db-97cc-9f9398153f7a,null,null,1000,completed,null,355,null,8c89f646-04f0-4fce-a9ad-ace4672cbffc
122c010f-7c1b-4bba-9a58-917f01ded018,2026-06-26 13:50:27.063571+00,eb2b1f04-13c8-4ea9-8157-3c5012e5f358,null,null,1500,completed,null,356,null,8c89f646-04f0-4fce-a9ad-ace4672cbffc
6ba0591a-4673-4eea-a622-e885031ed095,2026-06-27 08:57:12.752489+00,30d5678c-3d30-4a4c-bcdf-a5b477d51470,null,null,1500,completed,null,357,null,8c89f646-04f0-4fce-a9ad-ace4672cbffc
75a70a0b-66a2-49a2-b4ff-d44406a0696e,2026-06-27 12:04:21.419332+00,b9dd78b4-67cf-4cb9-9a5c-c1fe51deebab,null,null,1600,completed,null,358,null,8c89f646-04f0-4fce-a9ad-ace4672cbffc
1b671923-41f8-42f1-9221-b901fd258a2d,2026-06-28 06:42:31.578883+00,cb47e6cd-5b1c-4392-8021-a3d77c27e86b,null,null,1500,completed,null,360,null,8c89f646-04f0-4fce-a9ad-ace4672cbffc
2ba5dae3-9103-4ea5-a4c8-51210ffa505f,2026-06-27 12:22:01.910607+00,1d8a6ed5-b46a-41c7-a159-f03b97e5ac98,null,null,1500,completed,null,359,null,8c89f646-04f0-4fce-a9ad-ace4672cbffc
f7e93763-2874-4e08-81ac-540b477fa97a,2026-07-01 12:11:49.587481+00,00f8beae-2bd8-4cb5-9a1a-a6e5436b1634,null,null,1500,completed,null,362,null,8c89f646-04f0-4fce-a9ad-ace4672cbffc
cfcebdbe-ed29-451f-ab6b-12b07c0f3c06,2026-07-02 06:54:45.309187+00,68fa9fc4-d22b-40db-97cc-9f9398153f7a,null,null,2000,completed,null,363,null,8c89f646-04f0-4fce-a9ad-ace4672cbffc
7b39c8f9-6eed-415d-b7c9-1ec7136e678f,2026-07-01 08:46:47.94138+00,68fa9fc4-d22b-40db-97cc-9f9398153f7a,null,null,3000,completed,null,361,null,8c89f646-04f0-4fce-a9ad-ace4672cbffc
7f470492-4d05-4934-9035-56b2721f1012,2026-07-03 06:36:15.94439+00,3c413db0-5cc2-42dc-8c53-b51c83847e0b,null,null,1500,completed,null,364,null,8c89f646-04f0-4fce-a9ad-ace4672cbffc
00b89ce4-5819-438e-a62c-eb03a8964fec,2026-07-03 11:58:19.86285+00,1d8a6ed5-b46a-41c7-a159-f03b97e5ac98,null,null,2500,completed,null,365,null,8c89f646-04f0-4fce-a9ad-ace4672cbffc
b9054de1-9ee1-460a-afd2-7d3ce1f24650,2026-07-05 06:49:35.173166+00,17c05646-1535-4e88-a8ef-d71fb9b07f5d,null,null,1500,completed,null,367,null,8c89f646-04f0-4fce-a9ad-ace4672cbffc
f5cf73aa-9b2d-4425-aed9-40930e3cd5e3,2026-07-05 06:43:37.332141+00,1d8a6ed5-b46a-41c7-a159-f03b97e5ac98,null,null,1800,completed,null,366,null,8c89f646-04f0-4fce-a9ad-ace4672cbffc
d36cfa81-ddc7-4465-bde1-38b7a0e8e2ae,2026-07-07 08:34:11.022845+00,dbd53093-931b-4355-87fb-53613df5d6dc,null,null,1500,completed,null,368,null,8c89f646-04f0-4fce-a9ad-ace4672cbffc
927dada0-ed4d-44f7-b13a-9bd371e0676a,2026-07-14 07:15:35.609855+00,695227bf-78ae-4c60-845e-e5e13db1532f,null,null,2000,completed,null,369,null,8c89f646-04f0-4fce-a9ad-ace4672cbffc
a009303c-2824-49ff-bf52-a1033ab3bfbe,2026-07-15 06:35:10.339159+00,71d2ebf7-3a50-4d57-aa24-d0cb7d9b181f,null,null,1400,completed,null,370,10000,8c89f646-04f0-4fce-a9ad-ace4672cbffc
2b841474-d246-4457-9018-4eac468cd87b,2026-07-17 06:17:16.665308+00,bb2560e5-38a1-4336-8d62-acdd30918e3d,null,null,1500,completed,null,371,null,8c89f646-04f0-4fce-a9ad-ace4672cbffc
25bede4d-b2ed-4aa9-9dbb-7932712b7b9e,2026-07-18 11:24:34.652686+00,68fa9fc4-d22b-40db-97cc-9f9398153f7a,null,null,1000,completed,null,373,null,8c89f646-04f0-4fce-a9ad-ace4672cbffc
52dff5ef-c6c5-4283-ba95-eb47305db8cd,2026-07-18 07:48:37.598532+00,e95743cf-c0ec-43f7-abec-c4248cc6a81d,null,null,800,completed,null,372,null,8c89f646-04f0-4fce-a9ad-ace4672cbffc
642fd506-9e86-4173-9b03-c680826cadf4,2026-07-20 08:47:39.639658+00,8862dc1b-f471-4f7c-951c-d0eace927cc6,null,null,1000,completed,null,374,null,8c89f646-04f0-4fce-a9ad-ace4672cbffc
748bf0db-2d62-400d-b0a6-e617d8462927,2026-07-20 11:49:34.47559+00,62fb8508-e807-4ef1-85ce-b48be7938672,null,null,1500,completed,null,375,null,8c89f646-04f0-4fce-a9ad-ace4672cbffc
f45c85a1-b1c0-4c08-a39c-a9c70d355716,2026-07-22 12:59:01.774536+00,787f79f2-123b-4dc9-929f-cbf40d8bcbef,null,null,1500,completed,null,376,null,8c89f646-04f0-4fce-a9ad-ace4672cbffc
a658950b-7491-4718-9215-6607864cecee,2026-07-26 11:24:55.246523+00,9597b2b8-f0b2-4cc8-a832-846f5a84c2e2,null,null,1500,completed,null,386,null,8c89f646-04f0-4fce-a9ad-ace4672cbffc
d117805f-e003-419b-a9ee-6397cd9efbe7,2026-07-22 13:20:57.7679+00,68fa9fc4-d22b-40db-97cc-9f9398153f7a,null,null,2000,completed,продлили,377,null,8c89f646-04f0-4fce-a9ad-ace4672cbffc
58ec99c2-b47e-481a-98d6-64260a10ce26,2026-07-24 06:51:51.23688+00,71d2ebf7-3a50-4d57-aa24-d0cb7d9b181f,null,null,1400,completed,null,380,10000,8c89f646-04f0-4fce-a9ad-ace4672cbffc
0da9eec1-fc75-4eb1-a75c-e302342fb106,2026-07-24 06:44:47.937669+00,81bfefe5-2bb1-46a8-85a0-e98098cafec4,null,null,1500,completed,null,379,null,8c89f646-04f0-4fce-a9ad-ace4672cbffc
19b20540-3bf4-404f-b4b9-7ce60ae97d49,2026-07-23 10:22:54.361758+00,b8f817f8-e59d-4ef5-8af2-d174d34ce063,null,null,1500,completed,null,378,null,8c89f646-04f0-4fce-a9ad-ace4672cbffc
09d2bce8-2b2c-428b-b87c-0127aa4d8be3,2026-07-24 07:17:52.80869+00,afc28b94-cd93-42b1-be20-8ed88860d3cf,null,null,1700,completed,null,381,null,8c89f646-04f0-4fce-a9ad-ace4672cbffc
2d9d9e27-351c-4e21-ab09-e85085039cdb,2026-07-25 08:23:27.353765+00,e18a5010-0a1e-4184-8b4d-daabbd61b549,null,null,800,completed,null,382,null,8c89f646-04f0-4fce-a9ad-ace4672cbffc
56c986a4-b2bb-4581-8903-172886f9fa06,2026-07-26 08:01:17.07865+00,9597b2b8-f0b2-4cc8-a832-846f5a84c2e2,null,null,1000,cancelled,null,383,null,8c89f646-04f0-4fce-a9ad-ace4672cbffc
a7e48dbf-c2e0-4177-84f0-b867c584f7b2,2026-07-26 08:15:19.95728+00,4a8e38b8-35ee-46d0-9a05-0bb91f5f5f1c,null,null,800,completed,null,384,null,8c89f646-04f0-4fce-a9ad-ace4672cbffc
cab0c7ee-900d-4b39-9012-cd150d6a2699,2026-07-26 10:02:01.717553+00,a2115fab-3125-4420-9333-3fd78948fbd2,null,null,700,completed,null,385,null,8c89f646-04f0-4fce-a9ad-ace4672cbffc
ebb3ed0e-1e0d-4276-b5dc-59d4d58fc0d3,2026-07-27 06:09:37.914626+00,68fa9fc4-d22b-40db-97cc-9f9398153f7a,null,null,1000,completed,null,387,null,8c89f646-04f0-4fce-a9ad-ace4672cbffc
d41f480e-6010-46fd-a4b5-ce3d9e3f73d6,2026-07-29 07:26:15.644919+00,10312c8a-65bb-4f40-b464-178ef044daf8,null,null,1000,active,null,388,null,eab0c5cb-80fc-499b-8497-7946cac6bc08
a88d8d9b-7623-434e-8f8a-122ff1294aa3,2026-07-29 08:11:40.431653+00,f10bd75f-1ab9-47cb-b637-d3278f0b425f,null,null,500,completed,null,390,null,eab0c5cb-80fc-499b-8497-7946cac6bc08
f2283b35-4d0b-473d-969d-895bf3691e8f,2026-07-29 07:34:04.244705+00,10312c8a-65bb-4f40-b464-178ef044daf8,null,null,1000,completed,null,389,null,eab0c5cb-80fc-499b-8497-7946cac6bc08
71cbc7ae-de9d-4e8b-9aed-9163cbc66582,2026-07-29 08:23:14.384311+00,f10bd75f-1ab9-47cb-b637-d3278f0b425f,null,null,500,active,null,391,null,eab0c5cb-80fc-499b-8497-7946cac6bc08
ee356226-93ca-48e8-8ee7-c70b9141a55a,2026-07-31 12:27:14.257663+00,cf4c5e8c-eff4-4320-b86c-1794c515482f,null,null,1500,active,null,392,null,8c89f646-04f0-4fce-a9ad-ace4672cbffc
581fb7a9-a0ff-4d08-b8b4-ed350d47b451,2026-08-01 07:10:45.451259+00,e84b7b22-6a0c-4377-9f7a-625137910f8c,null,null,1800,active,null,394,null,8c89f646-04f0-4fce-a9ad-ace4672cbffc
a423ef6a-85d3-47d8-8276-d925e90c81ab,2026-07-31 12:54:58.927086+00,68fa9fc4-d22b-40db-97cc-9f9398153f7a,null,null,1000,completed,null,393,null,8c89f646-04f0-4fce-a9ad-ace4672cbffc